dataset,pair_index,clean_id,corrupted_id,clean_label,corrupted_label,clean_text,corrupted_text,clean_sha256,corrupted_sha256,clean_token_ids,corrupted_token_ids,clean_num_tokens,corrupted_num_tokens,equal_token_length
toy_train,0,toy-train-pos-000,toy-train-neg-000,1,0,"I thought this movie was adequate, I enjoyed it. 
Conclusion: This movie is","I thought this movie was annoying, I hated it. 
Conclusion: This movie is",777f8c5e413237085c99ea450a6c9ea268e90d1ae718cecf42d006bdb8615e95,958748e6949c4945f6f9f841d496397aeec200c07eaa7457df3ce7e1308c9859,"[50256, 40, 1807, 428, 3807, 373, 12872, 11, 314, 8359, 340, 13, 220, 198, 21481, 25, 770, 3807, 318]","[50256, 40, 1807, 428, 3807, 373, 15774, 11, 314, 16563, 340, 13, 220, 198, 21481, 25, 770, 3807, 318]",19,19,True
toy_train,1,toy-train-neg-000,toy-train-pos-001,0,1,"I thought this movie was annoying, I hated it. 
Conclusion: This movie is","I thought this movie was amazing, I loved it. 
Conclusion: This movie is",958748e6949c4945f6f9f841d496397aeec200c07eaa7457df3ce7e1308c9859,2f3aaecef7f086c9bfd26b85a34ecdc5640448a071c16e9f2b05648608f2b130,"[50256, 40, 1807, 428, 3807, 373, 15774, 11, 314, 16563, 340, 13, 220, 198, 21481, 25, 770, 3807, 318]","[50256, 40, 1807, 428, 3807, 373, 4998, 11, 314, 6151, 340, 13, 220, 198, 21481, 25, 770, 3807, 318]",19,19,True
toy_train,2,toy-train-pos-001,toy-train-neg-001,1,0,"I thought this movie was amazing, I loved it. 
Conclusion: This movie is","I thought this movie was awful, I disliked it. 
Conclusion: This movie is",2f3aaecef7f086c9bfd26b85a34ecdc5640448a071c16e9f2b05648608f2b130,4b10b87a6258f566760a4efe1abcf0cb6efb7d72f3eb641be7a4a4ebbb3a15e7,"[50256, 40, 1807, 428, 3807, 373, 4998, 11, 314, 6151, 340, 13, 220, 198, 21481, 25, 770, 3807, 318]","[50256, 40, 1807, 428, 3807, 373, 12659, 11, 314, 43252, 340, 13, 220, 198, 21481, 25, 770, 3807, 318]",19,19,True
toy_train,3,toy-train-neg-001,toy-train-pos-002,0,1,"I thought this movie was awful, I disliked it. 
Conclusion: This movie is","I thought this movie was awesome, I liked it. 
Conclusion: This movie is",4b10b87a6258f566760a4efe1abcf0cb6efb7d72f3eb641be7a4a4ebbb3a15e7,1068b25c6dfc221ab3269d93aa2cfe794cece10e4a6362c459d4c4abd819941e,"[50256, 40, 1807, 428, 3807, 373, 12659, 11, 314, 43252, 340, 13, 220, 198, 21481, 25, 770, 3807, 318]","[50256, 40, 1807, 428, 3807, 373, 7427, 11, 314, 8288, 340, 13, 220, 198, 21481, 25, 770, 3807, 318]",19,19,True
toy_train,4,toy-train-pos-002,toy-train-neg-002,1,0,"I thought this movie was awesome, I liked it. 
Conclusion: This movie is","I thought this movie was bad, I despised it. 
Conclusion: This movie is",1068b25c6dfc221ab3269d93aa2cfe794cece10e4a6362c459d4c4abd819941e,ca1873a979d0a95f44d6d796bee17bfe3e94751a4ee3a2d90476392f1b92a957,"[50256, 40, 1807, 428, 3807, 373, 7427, 11, 314, 8288, 340, 13, 220, 198, 21481, 25, 770, 3807, 318]","[50256, 40, 1807, 428, 3807, 373, 2089, 11, 314, 44990, 340, 13, 220, 198, 21481, 25, 770, 3807, 318]",19,19,True
toy_train,5,toy-train-neg-002,toy-train-pos-003,0,1,"I thought this movie was bad, I despised it. 
Conclusion: This movie is","I thought this movie was beautiful, I appreciated it. 
Conclusion: This movie is",ca1873a979d0a95f44d6d796bee17bfe3e94751a4ee3a2d90476392f1b92a957,74a299535ed89cef1054b821a2294c14375d9bff5db127989fb36cd5f3c4cddc,"[50256, 40, 1807, 428, 3807, 373, 2089, 11, 314, 44990, 340, 13, 220, 198, 21481, 25, 770, 3807, 318]","[50256, 40, 1807, 428, 3807, 373, 4950, 11, 314, 16373, 340, 13, 220, 198, 21481, 25, 770, 3807, 318]",19,19,True
toy_train,6,toy-train-pos-003,toy-train-neg-003,1,0,"I thought this movie was beautiful, I appreciated it. 
Conclusion: This movie is","I thought this movie was boring, I hated it. 
Conclusion: This movie is",74a299535ed89cef1054b821a2294c14375d9bff5db127989fb36cd5f3c4cddc,985bad9d0f1cec9cca1b4a6ec4f8399b84e8b10a166f26eac3a2dbe1ca89f4f0,"[50256, 40, 1807, 428, 3807, 373, 4950, 11, 314, 16373, 340, 13, 220, 198, 21481, 25, 770, 3807, 318]","[50256, 40, 1807, 428, 3807, 373, 14262, 11, 314, 16563, 340, 13, 220, 198, 21481, 25, 770, 3807, 318]",19,19,True
toy_train,7,toy-train-neg-003,toy-train-pos-004,0,1,"I thought this movie was boring, I hated it. 
Conclusion: This movie is","I thought this movie was brilliant, I admired it. 
Conclusion: This movie is",985bad9d0f1cec9cca1b4a6ec4f8399b84e8b10a166f26eac3a2dbe1ca89f4f0,a6c66b506260eaa4acbccc61a7a9264b2c7682cb0f55763d89ea9c959ead560a,"[50256, 40, 1807, 428, 3807, 373, 14262, 11, 314, 16563, 340, 13, 220, 198, 21481, 25, 770, 3807, 318]","[50256, 40, 1807, 428, 3807, 373, 10457, 11, 314, 29382, 340, 13, 220, 198, 21481, 25, 770, 3807, 318]",19,19,True
toy_train,8,toy-train-pos-004,toy-train-neg-004,1,0,"I thought this movie was brilliant, I admired it. 
Conclusion: This movie is","I thought this movie was depressing, I disliked it. 
Conclusion: This movie is",a6c66b506260eaa4acbccc61a7a9264b2c7682cb0f55763d89ea9c959ead560a,b6e18cbda68bd41c2b2aeb1c3c0acfc0c3a0eefb779a98b98d7a81f1538ddde3,"[50256, 40, 1807, 428, 3807, 373, 10457, 11, 314, 29382, 340, 13, 220, 198, 21481, 25, 770, 3807, 318]","[50256, 40, 1807, 428, 3807, 373, 31193, 11, 314, 43252, 340, 13, 220, 198, 21481, 25, 770, 3807, 318]",19,19,True
toy_train,9,toy-train-neg-004,toy-train-pos-005,0,1,"I thought this movie was depressing, I disliked it. 
Conclusion: This movie is","I thought this movie was charming, I enjoyed it. 
Conclusion: This movie is",b6e18cbda68bd41c2b2aeb1c3c0acfc0c3a0eefb779a98b98d7a81f1538ddde3,0f7d3cee7a9bbf650326001829a13cae033c3f9931f280cc8ab87806d88431c5,"[50256, 40, 1807, 428, 3807, 373, 31193, 11, 314, 43252, 340, 13, 220, 198, 21481, 25, 770, 3807, 318]","[50256, 40, 1807, 428, 3807, 373, 23332, 11, 314, 8359, 340, 13, 220, 198, 21481, 25, 770, 3807, 318]",19,19,True
toy_train,10,toy-train-pos-005,toy-train-neg-005,1,0,"I thought this movie was charming, I enjoyed it. 
Conclusion: This movie is","I thought this movie was disastrous, I despised it. 
Conclusion: This movie is",0f7d3cee7a9bbf650326001829a13cae033c3f9931f280cc8ab87806d88431c5,16f1a87bafdcb5c981283203ed423a21c3c88366dd038468d29efc249cb59a7e,"[50256, 40, 1807, 428, 3807, 373, 23332, 11, 314, 8359, 340, 13, 220, 198, 21481, 25, 770, 3807, 318]","[50256, 40, 1807, 428, 3807, 373, 20756, 11, 314, 44990, 340, 13, 220, 198, 21481, 25, 770, 3807, 318]",19,19,True
toy_train,11,toy-train-neg-005,toy-train-pos-006,0,1,"I thought this movie was disastrous, I despised it. 
Conclusion: This movie is","I thought this movie was cheerful, I loved it. 
Conclusion: This movie is",16f1a87bafdcb5c981283203ed423a21c3c88366dd038468d29efc249cb59a7e,8272d47be9ec112c34006582f771691f58c40834398141bff93f7e2d609a988f,"[50256, 40, 1807, 428, 3807, 373, 20756, 11, 314, 44990, 340, 13, 220, 198, 21481, 25, 770, 3807, 318]","[50256, 40, 1807, 428, 3807, 373, 37999, 11, 314, 6151, 340, 13, 220, 198, 21481, 25, 770, 3807, 318]",19,19,True
toy_train,12,toy-train-pos-006,toy-train-neg-006,1,0,"I thought this movie was cheerful, I loved it. 
Conclusion: This movie is","I thought this movie was disgusting, I hated it. 
Conclusion: This movie is",8272d47be9ec112c34006582f771691f58c40834398141bff93f7e2d609a988f,c9e96eeaa6206829fefa37abff3321bb342e5155e3990158558c7e4641c7ad32,"[50256, 40, 1807, 428, 3807, 373, 37999, 11, 314, 6151, 340, 13, 220, 198, 21481, 25, 770, 3807, 318]","[50256, 40, 1807, 428, 3807, 373, 23374, 11, 314, 16563, 340, 13, 220, 198, 21481, 25, 770, 3807, 318]",19,19,True
toy_train,13,toy-train-neg-006,toy-train-pos-007,0,1,"I thought this movie was disgusting, I hated it. 
Conclusion: This movie is","I thought this movie was decent, I liked it. 
Conclusion: This movie is",c9e96eeaa6206829fefa37abff3321bb342e5155e3990158558c7e4641c7ad32,5243e7a12cc5cd076d43703f2a134bda812b39bf048b7e528eee481b1dd819c4,"[50256, 40, 1807, 428, 3807, 373, 23374, 11, 314, 16563, 340, 13, 220, 198, 21481, 25, 770, 3807, 318]","[50256, 40, 1807, 428, 3807, 373, 7709, 11, 314, 8288, 340, 13, 220, 198, 21481, 25, 770, 3807, 318]",19,19,True
toy_train,14,toy-train-pos-007,toy-train-neg-007,1,0,"I thought this movie was decent, I liked it. 
Conclusion: This movie is","I thought this movie was dire, I disliked it. 
Conclusion: This movie is",5243e7a12cc5cd076d43703f2a134bda812b39bf048b7e528eee481b1dd819c4,6fd2132706b1c23db5214c587a1f139fad8b6e9386247058ceb483e92abef1f4,"[50256, 40, 1807, 428, 3807, 373, 7709, 11, 314, 8288, 340, 13, 220, 198, 21481, 25, 770, 3807, 318]","[50256, 40, 1807, 428, 3807, 373, 19958, 11, 314, 43252, 340, 13, 220, 198, 21481, 25, 770, 3807, 318]",19,19,True
toy_train,15,toy-train-neg-007,toy-train-pos-008,0,1,"I thought this movie was dire, I disliked it. 
Conclusion: This movie is","I thought this movie was delightful, I appreciated it. 
Conclusion: This movie is",6fd2132706b1c23db5214c587a1f139fad8b6e9386247058ceb483e92abef1f4,9efbab5d640e17be02b3bcd63b8367e28a43aa5c5a24a016f1547c479b4b4dca,"[50256, 40, 1807, 428, 3807, 373, 19958, 11, 314, 43252, 340, 13, 220, 198, 21481, 25, 770, 3807, 318]","[50256, 40, 1807, 428, 3807, 373, 32327, 11, 314, 16373, 340, 13, 220, 198, 21481, 25, 770, 3807, 318]",19,19,True
toy_train,16,toy-train-pos-008,toy-train-neg-008,1,0,"I thought this movie was delightful, I appreciated it. 
Conclusion: This movie is","I thought this movie was dreadful, I despised it. 
Conclusion: This movie is",9efbab5d640e17be02b3bcd63b8367e28a43aa5c5a24a016f1547c479b4b4dca,e0ee5336679f909be36921ee92b48600b73db036ae6bacd86aab833c48629507,"[50256, 40, 1807, 428, 3807, 373, 32327, 11, 314, 16373, 340, 13, 220, 198, 21481, 25, 770, 3807, 318]","[50256, 40, 1807, 428, 3807, 373, 35483, 11, 314, 44990, 340, 13, 220, 198, 21481, 25, 770, 3807, 318]",19,19,True
toy_train,17,toy-train-neg-008,toy-train-pos-009,0,1,"I thought this movie was dreadful, I despised it. 
Conclusion: This movie is","I thought this movie was excellent, I admired it. 
Conclusion: This movie is",e0ee5336679f909be36921ee92b48600b73db036ae6bacd86aab833c48629507,bc5d8bcc510da95b52d2fd4c53c277c8375994d72b2d0cc55e1128f3b8806638,"[50256, 40, 1807, 428, 3807, 373, 35483, 11, 314, 44990, 340, 13, 220, 198, 21481, 25, 770, 3807, 318]","[50256, 40, 1807, 428, 3807, 373, 6275, 11, 314, 29382, 340, 13, 220, 198, 21481, 25, 770, 3807, 318]",19,19,True
toy_train,18,toy-train-pos-009,toy-train-neg-009,1,0,"I thought this movie was excellent, I admired it. 
Conclusion: This movie is","I thought this movie was dull, I hated it. 
Conclusion: This movie is",bc5d8bcc510da95b52d2fd4c53c277c8375994d72b2d0cc55e1128f3b8806638,b0ef598eb86953f2dc90d78adaecd137b76903963ebdb7bdca3303c3fb9f4d52,"[50256, 40, 1807, 428, 3807, 373, 6275, 11, 314, 29382, 340, 13, 220, 198, 21481, 25, 770, 3807, 318]","[50256, 40, 1807, 428, 3807, 373, 19222, 11, 314, 16563, 340, 13, 220, 198, 21481, 25, 770, 3807, 318]",19,19,True
toy_train,19,toy-train-neg-009,toy-train-pos-010,0,1,"I thought this movie was dull, I hated it. 
Conclusion: This movie is","I thought this movie was exceptional, I enjoyed it. 
Conclusion: This movie is",b0ef598eb86953f2dc90d78adaecd137b76903963ebdb7bdca3303c3fb9f4d52,53217e1c5d5cf048fef14bd30e7a464d0dae2a6693d7aead36ae23887a644dde,"[50256, 40, 1807, 428, 3807, 373, 19222, 11, 314, 16563, 340, 13, 220, 198, 21481, 25, 770, 3807, 318]","[50256, 40, 1807, 428, 3807, 373, 15313, 11, 314, 8359, 340, 13, 220, 198, 21481, 25, 770, 3807, 318]",19,19,True
toy_train,20,toy-train-pos-010,toy-train-neg-010,1,0,"I thought this movie was exceptional, I enjoyed it. 
Conclusion: This movie is","I thought this movie was frustrating, I disliked it. 
Conclusion: This movie is",53217e1c5d5cf048fef14bd30e7a464d0dae2a6693d7aead36ae23887a644dde,864f009e24dd43f1d7d30e01f8cc0c1fcedcb785aba410836f1d343328092a64,"[50256, 40, 1807, 428, 3807, 373, 15313, 11, 314, 8359, 340, 13, 220, 198, 21481, 25, 770, 3807, 318]","[50256, 40, 1807, 428, 3807, 373, 16655, 11, 314, 43252, 340, 13, 220, 198, 21481, 25, 770, 3807, 318]",19,19,True
toy_train,21,toy-train-neg-010,toy-train-pos-011,0,1,"I thought this movie was frustrating, I disliked it. 
Conclusion: This movie is","I thought this movie was fabulous, I loved it. 
Conclusion: This movie is",864f009e24dd43f1d7d30e01f8cc0c1fcedcb785aba410836f1d343328092a64,6408008dbe93b0e098b1a12aeeb9b596cebe260c980a9c705d33b0617dd2f37c,"[50256, 40, 1807, 428, 3807, 373, 16655, 11, 314, 43252, 340, 13, 220, 198, 21481, 25, 770, 3807, 318]","[50256, 40, 1807, 428, 3807, 373, 28294, 11, 314, 6151, 340, 13, 220, 198, 21481, 25, 770, 3807, 318]",19,19,True
toy_train,22,toy-train-pos-011,toy-train-neg-011,1,0,"I thought this movie was fabulous, I loved it. 
Conclusion: This movie is","I thought this movie was horrific, I despised it. 
Conclusion: This movie is",6408008dbe93b0e098b1a12aeeb9b596cebe260c980a9c705d33b0617dd2f37c,b51944fbc41c7022f6d9f66b2555da38dafe81fe665c0c3cdb889f5dacce11c3,"[50256, 40, 1807, 428, 3807, 373, 28294, 11, 314, 6151, 340, 13, 220, 198, 21481, 25, 770, 3807, 318]","[50256, 40, 1807, 428, 3807, 373, 19447, 11, 314, 44990, 340, 13, 220, 198, 21481, 25, 770, 3807, 318]",19,19,True
toy_train,23,toy-train-neg-011,toy-train-pos-012,0,1,"I thought this movie was horrific, I despised it. 
Conclusion: This movie is","I thought this movie was fantastic, I liked it. 
Conclusion: This movie is",b51944fbc41c7022f6d9f66b2555da38dafe81fe665c0c3cdb889f5dacce11c3,d3ca5c15a227be5110b4605ee1ee1628f4615c77c9b2ef9d6530a039650c7492,"[50256, 40, 1807, 428, 3807, 373, 19447, 11, 314, 44990, 340, 13, 220, 198, 21481, 25, 770, 3807, 318]","[50256, 40, 1807, 428, 3807, 373, 9623, 11, 314, 8288, 340, 13, 220, 198, 21481, 25, 770, 3807, 318]",19,19,True
toy_train,24,toy-train-pos-012,toy-train-neg-012,1,0,"I thought this movie was fantastic, I liked it. 
Conclusion: This movie is","I thought this movie was horrible, I hated it. 
Conclusion: This movie is",d3ca5c15a227be5110b4605ee1ee1628f4615c77c9b2ef9d6530a039650c7492,4806ddad7ff95949a593044f618ccd0495dedfa79c09125bd4fc4e31d928f42a,"[50256, 40, 1807, 428, 3807, 373, 9623, 11, 314, 8288, 340, 13, 220, 198, 21481, 25, 770, 3807, 318]","[50256, 40, 1807, 428, 3807, 373, 12361, 11, 314, 16563, 340, 13, 220, 198, 21481, 25, 770, 3807, 318]",19,19,True
toy_train,25,toy-train-neg-012,toy-train-pos-013,0,1,"I thought this movie was horrible, I hated it. 
Conclusion: This movie is","I thought this movie was good, I appreciated it. 
Conclusion: This movie is",4806ddad7ff95949a593044f618ccd0495dedfa79c09125bd4fc4e31d928f42a,0d05777d857d640a0f65014d82166c2b6345a86e771d8fbbae19cfcf896d7487,"[50256, 40, 1807, 428, 3807, 373, 12361, 11, 314, 16563, 340, 13, 220, 198, 21481, 25, 770, 3807, 318]","[50256, 40, 1807, 428, 3807, 373, 922, 11, 314, 16373, 340, 13, 220, 198, 21481, 25, 770, 3807, 318]",19,19,True
toy_train,26,toy-train-pos-013,toy-train-neg-013,1,0,"I thought this movie was good, I appreciated it. 
Conclusion: This movie is","I thought this movie was inadequate, I disliked it. 
Conclusion: This movie is",0d05777d857d640a0f65014d82166c2b6345a86e771d8fbbae19cfcf896d7487,6bdd4a380c865ed34f6c16d02b3c16b49f6e8f46d4bc4a4374f4808e88666b45,"[50256, 40, 1807, 428, 3807, 373, 922, 11, 314, 16373, 340, 13, 220, 198, 21481, 25, 770, 3807, 318]","[50256, 40, 1807, 428, 3807, 373, 20577, 11, 314, 43252, 340, 13, 220, 198, 21481, 25, 770, 3807, 318]",19,19,True
toy_train,27,toy-train-neg-013,toy-train-pos-014,0,1,"I thought this movie was inadequate, I disliked it. 
Conclusion: This movie is","I thought this movie was great, I admired it. 
Conclusion: This movie is",6bdd4a380c865ed34f6c16d02b3c16b49f6e8f46d4bc4a4374f4808e88666b45,6aec5dd165ab2e67ee210ec72e3866bbc4498bb91bf94217a8cb869ca533d156,"[50256, 40, 1807, 428, 3807, 373, 20577, 11, 314, 43252, 340, 13, 220, 198, 21481, 25, 770, 3807, 318]","[50256, 40, 1807, 428, 3807, 373, 1049, 11, 314, 29382, 340, 13, 220, 198, 21481, 25, 770, 3807, 318]",19,19,True
toy_train,28,toy-train-pos-014,toy-train-neg-014,1,0,"I thought this movie was great, I admired it. 
Conclusion: This movie is","I thought this movie was inferior, I despised it. 
Conclusion: This movie is",6aec5dd165ab2e67ee210ec72e3866bbc4498bb91bf94217a8cb869ca533d156,5c0ecb319c3f2b9bc34a2d91bd652af943da2fe3118f8438ebd9e8bc26b65d85,"[50256, 40, 1807, 428, 3807, 373, 1049, 11, 314, 29382, 340, 13, 220, 198, 21481, 25, 770, 3807, 318]","[50256, 40, 1807, 428, 3807, 373, 18536, 11, 314, 44990, 340, 13, 220, 198, 21481, 25, 770, 3807, 318]",19,19,True
toy_train,29,toy-train-neg-014,toy-train-pos-015,0,1,"I thought this movie was inferior, I despised it. 
Conclusion: This movie is","I thought this movie was incredible, I enjoyed it. 
Conclusion: This movie is",5c0ecb319c3f2b9bc34a2d91bd652af943da2fe3118f8438ebd9e8bc26b65d85,d1b71ec5b317875b6b5460bffba8f106db42a5067f8fb30620a2164f8fda3f76,"[50256, 40, 1807, 428, 3807, 373, 18536, 11, 314, 44990, 340, 13, 220, 198, 21481, 25, 770, 3807, 318]","[50256, 40, 1807, 428, 3807, 373, 8082, 11, 314, 8359, 340, 13, 220, 198, 21481, 25, 770, 3807, 318]",19,19,True
toy_train,30,toy-train-pos-015,toy-train-neg-015,1,0,"I thought this movie was incredible, I enjoyed it. 
Conclusion: This movie is","I thought this movie was miserable, I hated it. 
Conclusion: This movie is",d1b71ec5b317875b6b5460bffba8f106db42a5067f8fb30620a2164f8fda3f76,cc32319c30c09d767eedb518b6e062a19749ac48d72520fd526c576d082b1b53,"[50256, 40, 1807, 428, 3807, 373, 8082, 11, 314, 8359, 340, 13, 220, 198, 21481, 25, 770, 3807, 318]","[50256, 40, 1807, 428, 3807, 373, 22444, 11, 314, 16563, 340, 13, 220, 198, 21481, 25, 770, 3807, 318]",19,19,True
toy_train,31,toy-train-neg-015,toy-train-pos-016,0,1,"I thought this movie was miserable, I hated it. 
Conclusion: This movie is","I thought this movie was extraordinary, I loved it. 
Conclusion: This movie is",cc32319c30c09d767eedb518b6e062a19749ac48d72520fd526c576d082b1b53,21d6a35a8b3ae9b471baee61717750321586111cd8af1099361ea2158c390afe,"[50256, 40, 1807, 428, 3807, 373, 22444, 11, 314, 16563, 340, 13, 220, 198, 21481, 25, 770, 3807, 318]","[50256, 40, 1807, 428, 3807, 373, 11359, 11, 314, 6151, 340, 13, 220, 198, 21481, 25, 770, 3807, 318]",19,19,True
toy_train,32,toy-train-pos-016,toy-train-neg-016,1,0,"I thought this movie was extraordinary, I loved it. 
Conclusion: This movie is","I thought this movie was nasty, I disliked it. 
Conclusion: This movie is",21d6a35a8b3ae9b471baee61717750321586111cd8af1099361ea2158c390afe,ed33b909f1969b31eb5c1a22eea46b0c96faaad4ba918031744443fc89048559,"[50256, 40, 1807, 428, 3807, 373, 11359, 11, 314, 6151, 340, 13, 220, 198, 21481, 25, 770, 3807, 318]","[50256, 40, 1807, 428, 3807, 373, 17166, 11, 314, 43252, 340, 13, 220, 198, 21481, 25, 770, 3807, 318]",19,19,True
toy_train,33,toy-train-neg-016,toy-train-pos-017,0,1,"I thought this movie was nasty, I disliked it. 
Conclusion: This movie is","I thought this movie was lovely, I liked it. 
Conclusion: This movie is",ed33b909f1969b31eb5c1a22eea46b0c96faaad4ba918031744443fc89048559,14278874eefcf0fd4387bec67011a0a5ab79a8d542ffebcc9a01df93c46b8ae9,"[50256, 40, 1807, 428, 3807, 373, 17166, 11, 314, 43252, 340, 13, 220, 198, 21481, 25, 770, 3807, 318]","[50256, 40, 1807, 428, 3807, 373, 14081, 11, 314, 8288, 340, 13, 220, 198, 21481, 25, 770, 3807, 318]",19,19,True
toy_train,34,toy-train-pos-017,toy-train-neg-017,1,0,"I thought this movie was lovely, I liked it. 
Conclusion: This movie is","I thought this movie was offensive, I despised it. 
Conclusion: This movie is",14278874eefcf0fd4387bec67011a0a5ab79a8d542ffebcc9a01df93c46b8ae9,49a5ee2eade3bee51b7089ff11c5d1c2da609ed5b87f41c205b6269539ade64e,"[50256, 40, 1807, 428, 3807, 373, 14081, 11, 314, 8288, 340, 13, 220, 198, 21481, 25, 770, 3807, 318]","[50256, 40, 1807, 428, 3807, 373, 5859, 11, 314, 44990, 340, 13, 220, 198, 21481, 25, 770, 3807, 318]",19,19,True
toy_train,35,toy-train-neg-017,toy-train-pos-018,0,1,"I thought this movie was offensive, I despised it. 
Conclusion: This movie is","I thought this movie was nice, I appreciated it. 
Conclusion: This movie is",49a5ee2eade3bee51b7089ff11c5d1c2da609ed5b87f41c205b6269539ade64e,b76165a76b5c037988c846b09beb396a7f20ad6082bc8ac87dbc95312ac4838c,"[50256, 40, 1807, 428, 3807, 373, 5859, 11, 314, 44990, 340, 13, 220, 198, 21481, 25, 770, 3807, 318]","[50256, 40, 1807, 428, 3807, 373, 3621, 11, 314, 16373, 340, 13, 220, 198, 21481, 25, 770, 3807, 318]",19,19,True
toy_train,36,toy-train-pos-018,toy-train-neg-018,1,0,"I thought this movie was nice, I appreciated it. 
Conclusion: This movie is","I thought this movie was disappointing, I hated it. 
Conclusion: This movie is",b76165a76b5c037988c846b09beb396a7f20ad6082bc8ac87dbc95312ac4838c,d98f763e771e6a936f98ccf298eb346222d11992ecf28bfdb647875a4a06976c,"[50256, 40, 1807, 428, 3807, 373, 3621, 11, 314, 16373, 340, 13, 220, 198, 21481, 25, 770, 3807, 318]","[50256, 40, 1807, 428, 3807, 373, 17185, 11, 314, 16563, 340, 13, 220, 198, 21481, 25, 770, 3807, 318]",19,19,True
toy_train,37,toy-train-neg-018,toy-train-pos-019,0,1,"I thought this movie was disappointing, I hated it. 
Conclusion: This movie is","I thought this movie was outstanding, I admired it. 
Conclusion: This movie is",d98f763e771e6a936f98ccf298eb346222d11992ecf28bfdb647875a4a06976c,3c6b5952b3f4a8d3f9aed49b660ff25fb53c98a5f0653fc3a5852f07a37f1dce,"[50256, 40, 1807, 428, 3807, 373, 17185, 11, 314, 16563, 340, 13, 220, 198, 21481, 25, 770, 3807, 318]","[50256, 40, 1807, 428, 3807, 373, 11660, 11, 314, 29382, 340, 13, 220, 198, 21481, 25, 770, 3807, 318]",19,19,True
toy_train,38,toy-train-pos-019,toy-train-neg-019,1,0,"I thought this movie was outstanding, I admired it. 
Conclusion: This movie is","I thought this movie was terrible, I disliked it. 
Conclusion: This movie is",3c6b5952b3f4a8d3f9aed49b660ff25fb53c98a5f0653fc3a5852f07a37f1dce,36f2e14023809a641a33164cdaa5ba4c3c5f3b94b92ad25215bcf97aa362d6e1,"[50256, 40, 1807, 428, 3807, 373, 11660, 11, 314, 29382, 340, 13, 220, 198, 21481, 25, 770, 3807, 318]","[50256, 40, 1807, 428, 3807, 373, 7818, 11, 314, 43252, 340, 13, 220, 198, 21481, 25, 770, 3807, 318]",19,19,True
toy_train,39,toy-train-neg-019,toy-train-pos-020,0,1,"I thought this movie was terrible, I disliked it. 
Conclusion: This movie is","I thought this movie was perfect, I enjoyed it. 
Conclusion: This movie is",36f2e14023809a641a33164cdaa5ba4c3c5f3b94b92ad25215bcf97aa362d6e1,e92c630682ac6b57773148bd30d7baeb9bf4387dd1e8d798d0011379a6739fc6,"[50256, 40, 1807, 428, 3807, 373, 7818, 11, 314, 43252, 340, 13, 220, 198, 21481, 25, 770, 3807, 318]","[50256, 40, 1807, 428, 3807, 373, 2818, 11, 314, 8359, 340, 13, 220, 198, 21481, 25, 770, 3807, 318]",19,19,True
toy_train,40,toy-train-pos-020,toy-train-neg-020,1,0,"I thought this movie was perfect, I enjoyed it. 
Conclusion: This movie is","I thought this movie was tragic, I despised it. 
Conclusion: This movie is",e92c630682ac6b57773148bd30d7baeb9bf4387dd1e8d798d0011379a6739fc6,0ef589dab72ba9820ce3d731bf38b864371cd9383c0ff005ba96e01c4537203b,"[50256, 40, 1807, 428, 3807, 373, 2818, 11, 314, 8359, 340, 13, 220, 198, 21481, 25, 770, 3807, 318]","[50256, 40, 1807, 428, 3807, 373, 15444, 11, 314, 44990, 340, 13, 220, 198, 21481, 25, 770, 3807, 318]",19,19,True
toy_train,41,toy-train-neg-020,toy-train-pos-021,0,1,"I thought this movie was tragic, I despised it. 
Conclusion: This movie is","I thought this movie was pleasant, I loved it. 
Conclusion: This movie is",0ef589dab72ba9820ce3d731bf38b864371cd9383c0ff005ba96e01c4537203b,ea10f41e3b29da9d4e2556336a3b827e0a3c88767b4d2faa36a9871b15d244ed,"[50256, 40, 1807, 428, 3807, 373, 15444, 11, 314, 44990, 340, 13, 220, 198, 21481, 25, 770, 3807, 318]","[50256, 40, 1807, 428, 3807, 373, 15497, 11, 314, 6151, 340, 13, 220, 198, 21481, 25, 770, 3807, 318]",19,19,True
toy_train,42,toy-train-pos-021,toy-train-neg-021,1,0,"I thought this movie was pleasant, I loved it. 
Conclusion: This movie is","I thought this movie was ugly, I hated it. 
Conclusion: This movie is",ea10f41e3b29da9d4e2556336a3b827e0a3c88767b4d2faa36a9871b15d244ed,36c72de4e5a35d11bbae802ddeda1d25ca546476943bac465557c5e46ddc89a0,"[50256, 40, 1807, 428, 3807, 373, 15497, 11, 314, 6151, 340, 13, 220, 198, 21481, 25, 770, 3807, 318]","[50256, 40, 1807, 428, 3807, 373, 13400, 11, 314, 16563, 340, 13, 220, 198, 21481, 25, 770, 3807, 318]",19,19,True
toy_train,43,toy-train-neg-021,toy-train-pos-022,0,1,"I thought this movie was ugly, I hated it. 
Conclusion: This movie is","I thought this movie was positive, I liked it. 
Conclusion: This movie is",36c72de4e5a35d11bbae802ddeda1d25ca546476943bac465557c5e46ddc89a0,b4e0cd326ee49949fe1cbf9b29fe911b84b7d840b3489615446135b45ee155f6,"[50256, 40, 1807, 428, 3807, 373, 13400, 11, 314, 16563, 340, 13, 220, 198, 21481, 25, 770, 3807, 318]","[50256, 40, 1807, 428, 3807, 373, 3967, 11, 314, 8288, 340, 13, 220, 198, 21481, 25, 770, 3807, 318]",19,19,True
toy_train,44,toy-train-pos-022,toy-train-neg-022,1,0,"I thought this movie was positive, I liked it. 
Conclusion: This movie is","I thought this movie was unpleasant, I disliked it. 
Conclusion: This movie is",b4e0cd326ee49949fe1cbf9b29fe911b84b7d840b3489615446135b45ee155f6,81c254c2ee2f84ff5c90af9b7f28b8d0a0b18dab499e674631ddbce37c248de4,"[50256, 40, 1807, 428, 3807, 373, 3967, 11, 314, 8288, 340, 13, 220, 198, 21481, 25, 770, 3807, 318]","[50256, 40, 1807, 428, 3807, 373, 22029, 11, 314, 43252, 340, 13, 220, 198, 21481, 25, 770, 3807, 318]",19,19,True
toy_train,45,toy-train-neg-022,toy-train-pos-023,0,1,"I thought this movie was unpleasant, I disliked it. 
Conclusion: This movie is","I thought this movie was remarkable, I appreciated it. 
Conclusion: This movie is",81c254c2ee2f84ff5c90af9b7f28b8d0a0b18dab499e674631ddbce37c248de4,80613f63d3731abbf8a1117d34231d07237aa951b2b1a3e693fbc5a3f830507b,"[50256, 40, 1807, 428, 3807, 373, 22029, 11, 314, 43252, 340, 13, 220, 198, 21481, 25, 770, 3807, 318]","[50256, 40, 1807, 428, 3807, 373, 11004, 11, 314, 16373, 340, 13, 220, 198, 21481, 25, 770, 3807, 318]",19,19,True
toy_train,46,toy-train-pos-023,toy-train-neg-023,1,0,"I thought this movie was remarkable, I appreciated it. 
Conclusion: This movie is","I thought this movie was wretched, I despised it. 
Conclusion: This movie is",80613f63d3731abbf8a1117d34231d07237aa951b2b1a3e693fbc5a3f830507b,74ccdfab4e485ad01285ad28efca5afbb9ba2286cd78854f9559259d36877173,"[50256, 40, 1807, 428, 3807, 373, 11004, 11, 314, 16373, 340, 13, 220, 198, 21481, 25, 770, 3807, 318]","[50256, 40, 1807, 428, 3807, 373, 41857, 11, 314, 44990, 340, 13, 220, 198, 21481, 25, 770, 3807, 318]",19,19,True
toy_train,47,toy-train-neg-023,toy-train-pos-000,0,1,"I thought this movie was wretched, I despised it. 
Conclusion: This movie is","I thought this movie was adequate, I enjoyed it. 
Conclusion: This movie is",74ccdfab4e485ad01285ad28efca5afbb9ba2286cd78854f9559259d36877173,777f8c5e413237085c99ea450a6c9ea268e90d1ae718cecf42d006bdb8615e95,"[50256, 40, 1807, 428, 3807, 373, 41857, 11, 314, 44990, 340, 13, 220, 198, 21481, 25, 770, 3807, 318]","[50256, 40, 1807, 428, 3807, 373, 12872, 11, 314, 8359, 340, 13, 220, 198, 21481, 25, 770, 3807, 318]",19,19,True
toy_test,0,toy-test-pos-000,toy-test-neg-000,1,0,"I thought this movie was admirable, I enjoyed it. 
Conclusion: This movie is","I thought this movie was ancient, I hated it. 
Conclusion: This movie is",6dd301e88a560cc5b42ca367d5d3474a42285eb81e0fbe3fa3dfaae730729ca6,7f3afdc4b04e615047f7c7986b1776f027a4ed71297b57376fe08090a6246695,"[50256, 40, 1807, 428, 3807, 373, 37959, 11, 314, 8359, 340, 13, 220, 198, 21481, 25, 770, 3807, 318]","[50256, 40, 1807, 428, 3807, 373, 6156, 11, 314, 16563, 340, 13, 220, 198, 21481, 25, 770, 3807, 318]",19,19,True
toy_test,1,toy-test-neg-000,toy-test-pos-001,0,1,"I thought this movie was ancient, I hated it. 
Conclusion: This movie is","I thought this movie was glorious, I loved it. 
Conclusion: This movie is",7f3afdc4b04e615047f7c7986b1776f027a4ed71297b57376fe08090a6246695,f4a330a65184f63b876fdab5e95cc520cf73d22b6773fe995ddab0a0830e22dd,"[50256, 40, 1807, 428, 3807, 373, 6156, 11, 314, 16563, 340, 13, 220, 198, 21481, 25, 770, 3807, 318]","[50256, 40, 1807, 428, 3807, 373, 21140, 11, 314, 6151, 340, 13, 220, 198, 21481, 25, 770, 3807, 318]",19,19,True
toy_test,2,toy-test-pos-001,toy-test-neg-001,1,0,"I thought this movie was glorious, I loved it. 
Conclusion: This movie is","I thought this movie was appalling, I disliked it. 
Conclusion: This movie is",f4a330a65184f63b876fdab5e95cc520cf73d22b6773fe995ddab0a0830e22dd,8f446f5f0e238a2c17577f1c384288753c3ce50896ce86094788a0ede515ed42,"[50256, 40, 1807, 428, 3807, 373, 21140, 11, 314, 6151, 340, 13, 220, 198, 21481, 25, 770, 3807, 318]","[50256, 40, 1807, 428, 3807, 373, 34130, 11, 314, 43252, 340, 13, 220, 198, 21481, 25, 770, 3807, 318]",19,19,True
toy_test,3,toy-test-neg-001,toy-test-pos-002,0,1,"I thought this movie was appalling, I disliked it. 
Conclusion: This movie is","I thought this movie was helpful, I liked it. 
Conclusion: This movie is",8f446f5f0e238a2c17577f1c384288753c3ce50896ce86094788a0ede515ed42,b706ea8a56f87661f1ad593d44c58c5164a067acfdd5a60e4c2d57aad89bef61,"[50256, 40, 1807, 428, 3807, 373, 34130, 11, 314, 43252, 340, 13, 220, 198, 21481, 25, 770, 3807, 318]","[50256, 40, 1807, 428, 3807, 373, 7613, 11, 314, 8288, 340, 13, 220, 198, 21481, 25, 770, 3807, 318]",19,19,True
toy_test,4,toy-test-pos-002,toy-test-neg-002,1,0,"I thought this movie was helpful, I liked it. 
Conclusion: This movie is","I thought this movie was bitter, I despised it. 
Conclusion: This movie is",b706ea8a56f87661f1ad593d44c58c5164a067acfdd5a60e4c2d57aad89bef61,1535563978be98cd8071d14ba32bc2456a4f5ec5bf45494deed2297341df3341,"[50256, 40, 1807, 428, 3807, 373, 7613, 11, 314, 8288, 340, 13, 220, 198, 21481, 25, 770, 3807, 318]","[50256, 40, 1807, 428, 3807, 373, 12922, 11, 314, 44990, 340, 13, 220, 198, 21481, 25, 770, 3807, 318]",19,19,True
toy_test,5,toy-test-neg-002,toy-test-pos-003,0,1,"I thought this movie was bitter, I despised it. 
Conclusion: This movie is","I thought this movie was impressive, I appreciated it. 
Conclusion: This movie is",1535563978be98cd8071d14ba32bc2456a4f5ec5bf45494deed2297341df3341,665b8056f2918b085dd5e50a3d0bfd1a52612491142711c67bfb106883eeec43,"[50256, 40, 1807, 428, 3807, 373, 12922, 11, 314, 44990, 340, 13, 220, 198, 21481, 25, 770, 3807, 318]","[50256, 40, 1807, 428, 3807, 373, 8036, 11, 314, 16373, 340, 13, 220, 198, 21481, 25, 770, 3807, 318]",19,19,True
toy_test,6,toy-test-pos-003,toy-test-neg-003,1,0,"I thought this movie was impressive, I appreciated it. 
Conclusion: This movie is","I thought this movie was dismal, I hated it. 
Conclusion: This movie is",665b8056f2918b085dd5e50a3d0bfd1a52612491142711c67bfb106883eeec43,90837f977f576eaf88891479bfb0c56bd22a9f9d1543cb4042fdc8926d6dbfe8,"[50256, 40, 1807, 428, 3807, 373, 8036, 11, 314, 16373, 340, 13, 220, 198, 21481, 25, 770, 3807, 318]","[50256, 40, 1807, 428, 3807, 373, 39656, 11, 314, 16563, 340, 13, 220, 198, 21481, 25, 770, 3807, 318]",19,19,True
toy_test,7,toy-test-neg-003,toy-test-pos-004,0,1,"I thought this movie was dismal, I hated it. 
Conclusion: This movie is","I thought this movie was lively, I admired it. 
Conclusion: This movie is",90837f977f576eaf88891479bfb0c56bd22a9f9d1543cb4042fdc8926d6dbfe8,dbf095a0304c7d5e95b8e0eef74d57d565612f4e9d8e5b298db383578b43ec7d,"[50256, 40, 1807, 428, 3807, 373, 39656, 11, 314, 16563, 340, 13, 220, 198, 21481, 25, 770, 3807, 318]","[50256, 40, 1807, 428, 3807, 373, 29696, 11, 314, 29382, 340, 13, 220, 198, 21481, 25, 770, 3807, 318]",19,19,True
toy_test,8,toy-test-pos-004,toy-test-neg-004,1,0,"I thought this movie was lively, I admired it. 
Conclusion: This movie is","I thought this movie was flat, I disliked it. 
Conclusion: This movie is",dbf095a0304c7d5e95b8e0eef74d57d565612f4e9d8e5b298db383578b43ec7d,5a74a8b391172667cfdf75539b42c7e36d6d840874b99b53af5afe3bcd02ae4f,"[50256, 40, 1807, 428, 3807, 373, 29696, 11, 314, 29382, 340, 13, 220, 198, 21481, 25, 770, 3807, 318]","[50256, 40, 1807, 428, 3807, 373, 6228, 11, 314, 43252, 340, 13, 220, 198, 21481, 25, 770, 3807, 318]",19,19,True
toy_test,9,toy-test-neg-004,toy-test-pos-005,0,1,"I thought this movie was flat, I disliked it. 
Conclusion: This movie is","I thought this movie was magical, I enjoyed it. 
Conclusion: This movie is",5a74a8b391172667cfdf75539b42c7e36d6d840874b99b53af5afe3bcd02ae4f,90fa984f2ac320e99b05bdaef88d8ce9f50594117bba5261af89be0199872548,"[50256, 40, 1807, 428, 3807, 373, 6228, 11, 314, 43252, 340, 13, 220, 198, 21481, 25, 770, 3807, 318]","[50256, 40, 1807, 428, 3807, 373, 10883, 11, 314, 8359, 340, 13, 220, 198, 21481, 25, 770, 3807, 318]",19,19,True
toy_test,10,toy-test-pos-005,toy-test-neg-005,1,0,"I thought this movie was magical, I enjoyed it. 
Conclusion: This movie is","I thought this movie was foul, I despised it. 
Conclusion: This movie is",90fa984f2ac320e99b05bdaef88d8ce9f50594117bba5261af89be0199872548,ba6bf07512a8dad832798d61467564f9a280633a8870d59112fb9211563aec8b,"[50256, 40, 1807, 428, 3807, 373, 10883, 11, 314, 8359, 340, 13, 220, 198, 21481, 25, 770, 3807, 318]","[50256, 40, 1807, 428, 3807, 373, 15626, 11, 314, 44990, 340, 13, 220, 198, 21481, 25, 770, 3807, 318]",19,19,True
toy_test,11,toy-test-neg-005,toy-test-pos-006,0,1,"I thought this movie was foul, I despised it. 
Conclusion: This movie is","I thought this movie was modern, I loved it. 
Conclusion: This movie is",ba6bf07512a8dad832798d61467564f9a280633a8870d59112fb9211563aec8b,4221a80f1af64db25c667acbda6d27b97ab39aff6130743eb9a5441269b3bebd,"[50256, 40, 1807, 428, 3807, 373, 15626, 11, 314, 44990, 340, 13, 220, 198, 21481, 25, 770, 3807, 318]","[50256, 40, 1807, 428, 3807, 373, 3660, 11, 314, 6151, 340, 13, 220, 198, 21481, 25, 770, 3807, 318]",19,19,True
toy_test,12,toy-test-pos-006,toy-test-neg-006,1,0,"I thought this movie was modern, I loved it. 
Conclusion: This movie is","I thought this movie was grim, I hated it. 
Conclusion: This movie is",4221a80f1af64db25c667acbda6d27b97ab39aff6130743eb9a5441269b3bebd,88039c24c41babf515c20230bc11171a5fcf44bcbc4ee976e08561f7e84f84e5,"[50256, 40, 1807, 428, 3807, 373, 3660, 11, 314, 6151, 340, 13, 220, 198, 21481, 25, 770, 3807, 318]","[50256, 40, 1807, 428, 3807, 373, 18288, 11, 314, 16563, 340, 13, 220, 198, 21481, 25, 770, 3807, 318]",19,19,True
toy_test,13,toy-test-neg-006,toy-test-pos-007,0,1,"I thought this movie was grim, I hated it. 
Conclusion: This movie is","I thought this movie was phenomenal, I liked it. 
Conclusion: This movie is",88039c24c41babf515c20230bc11171a5fcf44bcbc4ee976e08561f7e84f84e5,a53af7c6cf7074aa31ba458f683d1ffcc29ae7b8e4031385fb83d331fc8e3c0f,"[50256, 40, 1807, 428, 3807, 373, 18288, 11, 314, 16563, 340, 13, 220, 198, 21481, 25, 770, 3807, 318]","[50256, 40, 1807, 428, 3807, 373, 28187, 11, 314, 8288, 340, 13, 220, 198, 21481, 25, 770, 3807, 318]",19,19,True
toy_test,14,toy-test-pos-007,toy-test-neg-007,1,0,"I thought this movie was phenomenal, I liked it. 
Conclusion: This movie is","I thought this movie was lazy, I disliked it. 
Conclusion: This movie is",a53af7c6cf7074aa31ba458f683d1ffcc29ae7b8e4031385fb83d331fc8e3c0f,fa00eead7c1f9aae202e4088b6d6415282bce27956c9dd468eea50643a2842f0,"[50256, 40, 1807, 428, 3807, 373, 28187, 11, 314, 8288, 340, 13, 220, 198, 21481, 25, 770, 3807, 318]","[50256, 40, 1807, 428, 3807, 373, 16931, 11, 314, 43252, 340, 13, 220, 198, 21481, 25, 770, 3807, 318]",19,19,True
toy_test,15,toy-test-neg-007,toy-test-pos-008,0,1,"I thought this movie was lazy, I disliked it. 
Conclusion: This movie is","I thought this movie was pleasing, I appreciated it. 
Conclusion: This movie is",fa00eead7c1f9aae202e4088b6d6415282bce27956c9dd468eea50643a2842f0,51fa0c4e7d8788c1c89c5197b362e46dc8cbf3b571e04e31e1593ebe77ec712f,"[50256, 40, 1807, 428, 3807, 373, 16931, 11, 314, 43252, 340, 13, 220, 198, 21481, 25, 770, 3807, 318]","[50256, 40, 1807, 428, 3807, 373, 28790, 11, 314, 16373, 340, 13, 220, 198, 21481, 25, 770, 3807, 318]",19,19,True
toy_test,16,toy-test-pos-008,toy-test-neg-008,1,0,"I thought this movie was pleasing, I appreciated it. 
Conclusion: This movie is","I thought this movie was noisy, I despised it. 
Conclusion: This movie is",51fa0c4e7d8788c1c89c5197b362e46dc8cbf3b571e04e31e1593ebe77ec712f,756815e6a6d2876b679b9a0eccee8926e7503b4cf2eab8ff26c467932e198420,"[50256, 40, 1807, 428, 3807, 373, 28790, 11, 314, 16373, 340, 13, 220, 198, 21481, 25, 770, 3807, 318]","[50256, 40, 1807, 428, 3807, 373, 31210, 11, 314, 44990, 340, 13, 220, 198, 21481, 25, 770, 3807, 318]",19,19,True
toy_test,17,toy-test-neg-008,toy-test-pos-009,0,1,"I thought this movie was noisy, I despised it. 
Conclusion: This movie is","I thought this movie was radiant, I admired it. 
Conclusion: This movie is",756815e6a6d2876b679b9a0eccee8926e7503b4cf2eab8ff26c467932e198420,c65d1b388e13a0a702cff1347aa9a408514f28f41b3e58780279f9a610c6e404,"[50256, 40, 1807, 428, 3807, 373, 31210, 11, 314, 44990, 340, 13, 220, 198, 21481, 25, 770, 3807, 318]","[50256, 40, 1807, 428, 3807, 373, 43888, 11, 314, 29382, 340, 13, 220, 198, 21481, 25, 770, 3807, 318]",19,19,True
toy_test,18,toy-test-pos-009,toy-test-neg-009,1,0,"I thought this movie was radiant, I admired it. 
Conclusion: This movie is","I thought this movie was poor, I hated it. 
Conclusion: This movie is",c65d1b388e13a0a702cff1347aa9a408514f28f41b3e58780279f9a610c6e404,41db61b2977a424d4f0692d9db7560c4d68ecb4c58b97ee4a061b9efb1b85e65,"[50256, 40, 1807, 428, 3807, 373, 43888, 11, 314, 29382, 340, 13, 220, 198, 21481, 25, 770, 3807, 318]","[50256, 40, 1807, 428, 3807, 373, 3595, 11, 314, 16563, 340, 13, 220, 198, 21481, 25, 770, 3807, 318]",19,19,True
toy_test,19,toy-test-neg-009,toy-test-pos-010,0,1,"I thought this movie was poor, I hated it. 
Conclusion: This movie is","I thought this movie was crisp, I enjoyed it. 
Conclusion: This movie is",41db61b2977a424d4f0692d9db7560c4d68ecb4c58b97ee4a061b9efb1b85e65,ced33a405cad10f5e134dfb599924c8a40f73a4abdba818158ccb0d79b132ad2,"[50256, 40, 1807, 428, 3807, 373, 3595, 11, 314, 16563, 340, 13, 220, 198, 21481, 25, 770, 3807, 318]","[50256, 40, 1807, 428, 3807, 373, 23453, 11, 314, 8359, 340, 13, 220, 198, 21481, 25, 770, 3807, 318]",19,19,True
toy_test,20,toy-test-pos-010,toy-test-neg-010,1,0,"I thought this movie was crisp, I enjoyed it. 
Conclusion: This movie is","I thought this movie was rough, I disliked it. 
Conclusion: This movie is",ced33a405cad10f5e134dfb599924c8a40f73a4abdba818158ccb0d79b132ad2,f7477c27a681ec90d5601989528bc8aec9718f7069464a7f4ce7ec69c2b7c5a3,"[50256, 40, 1807, 428, 3807, 373, 23453, 11, 314, 8359, 340, 13, 220, 198, 21481, 25, 770, 3807, 318]","[50256, 40, 1807, 428, 3807, 373, 5210, 11, 314, 43252, 340, 13, 220, 198, 21481, 25, 770, 3807, 318]",19,19,True
toy_test,21,toy-test-neg-010,toy-test-pos-011,0,1,"I thought this movie was rough, I disliked it. 
Conclusion: This movie is","I thought this movie was strong, I loved it. 
Conclusion: This movie is",f7477c27a681ec90d5601989528bc8aec9718f7069464a7f4ce7ec69c2b7c5a3,c365a2f65eff1b2c43ca0bbd2ce4395330834dd3ea1d2dad31b9e4720dd0dd67,"[50256, 40, 1807, 428, 3807, 373, 5210, 11, 314, 43252, 340, 13, 220, 198, 21481, 25, 770, 3807, 318]","[50256, 40, 1807, 428, 3807, 373, 1913, 11, 314, 6151, 340, 13, 220, 198, 21481, 25, 770, 3807, 318]",19,19,True
toy_test,22,toy-test-pos-011,toy-test-neg-011,1,0,"I thought this movie was strong, I loved it. 
Conclusion: This movie is","I thought this movie was rotten, I despised it. 
Conclusion: This movie is",c365a2f65eff1b2c43ca0bbd2ce4395330834dd3ea1d2dad31b9e4720dd0dd67,2ffb55e406179b7ad32d06fb27a4080b60a85ec3010d8077096e3ee1a0788353,"[50256, 40, 1807, 428, 3807, 373, 1913, 11, 314, 6151, 340, 13, 220, 198, 21481, 25, 770, 3807, 318]","[50256, 40, 1807, 428, 3807, 373, 36371, 11, 314, 44990, 340, 13, 220, 198, 21481, 25, 770, 3807, 318]",19,19,True
toy_test,23,toy-test-neg-011,toy-test-pos-012,0,1,"I thought this movie was rotten, I despised it. 
Conclusion: This movie is","I thought this movie was stunning, I liked it. 
Conclusion: This movie is",2ffb55e406179b7ad32d06fb27a4080b60a85ec3010d8077096e3ee1a0788353,bd003a03cff002fd7aee273a1f10fcfb0728e2066e1e237258e388dd6a94d8db,"[50256, 40, 1807, 428, 3807, 373, 36371, 11, 314, 44990, 340, 13, 220, 198, 21481, 25, 770, 3807, 318]","[50256, 40, 1807, 428, 3807, 373, 13393, 11, 314, 8288, 340, 13, 220, 198, 21481, 25, 770, 3807, 318]",19,19,True
toy_test,24,toy-test-pos-012,toy-test-neg-012,1,0,"I thought this movie was stunning, I liked it. 
Conclusion: This movie is","I thought this movie was sour, I hated it. 
Conclusion: This movie is",bd003a03cff002fd7aee273a1f10fcfb0728e2066e1e237258e388dd6a94d8db,46c1576c92c2f4c65ae65a1325db39fff8572b8261078ee911cedbc686c23464,"[50256, 40, 1807, 428, 3807, 373, 13393, 11, 314, 8288, 340, 13, 220, 198, 21481, 25, 770, 3807, 318]","[50256, 40, 1807, 428, 3807, 373, 11348, 11, 314, 16563, 340, 13, 220, 198, 21481, 25, 770, 3807, 318]",19,19,True
toy_test,25,toy-test-neg-012,toy-test-pos-013,0,1,"I thought this movie was sour, I hated it. 
Conclusion: This movie is","I thought this movie was sweet, I appreciated it. 
Conclusion: This movie is",46c1576c92c2f4c65ae65a1325db39fff8572b8261078ee911cedbc686c23464,8e5d7fa8bbf3ca7164d573911bb02e9f19f70193d6d26b335d2b3a3049b1d6f8,"[50256, 40, 1807, 428, 3807, 373, 11348, 11, 314, 16563, 340, 13, 220, 198, 21481, 25, 770, 3807, 318]","[50256, 40, 1807, 428, 3807, 373, 6029, 11, 314, 16373, 340, 13, 220, 198, 21481, 25, 770, 3807, 318]",19,19,True
toy_test,26,toy-test-pos-013,toy-test-neg-013,1,0,"I thought this movie was sweet, I appreciated it. 
Conclusion: This movie is","I thought this movie was vile, I disliked it. 
Conclusion: This movie is",8e5d7fa8bbf3ca7164d573911bb02e9f19f70193d6d26b335d2b3a3049b1d6f8,8054cd8a1d5c6564173d875239121173312a2a1bbaecc6440ab3a7513b188ec7,"[50256, 40, 1807, 428, 3807, 373, 6029, 11, 314, 16373, 340, 13, 220, 198, 21481, 25, 770, 3807, 318]","[50256, 40, 1807, 428, 3807, 373, 34942, 11, 314, 43252, 340, 13, 220, 198, 21481, 25, 770, 3807, 318]",19,19,True
toy_test,27,toy-test-neg-013,toy-test-pos-000,0,1,"I thought this movie was vile, I disliked it. 
Conclusion: This movie is","I thought this movie was admirable, I enjoyed it. 
Conclusion: This movie is",8054cd8a1d5c6564173d875239121173312a2a1bbaecc6440ab3a7513b188ec7,6dd301e88a560cc5b42ca367d5d3474a42285eb81e0fbe3fa3dfaae730729ca6,"[50256, 40, 1807, 428, 3807, 373, 34942, 11, 314, 43252, 340, 13, 220, 198, 21481, 25, 770, 3807, 318]","[50256, 40, 1807, 428, 3807, 373, 37959, 11, 314, 8359, 340, 13, 220, 198, 21481, 25, 770, 3807, 318]",19,19,True
sst_dev,0,sst-dev-1571,sst-dev-7828,1,0,Cool? Overall the movie was just very,Bad. Overall the movie was just very,c4b4a60a9c10a0b33eaf1fe9300bd54aca6aac4e350d66fc827da2c743ed09e0,886bd30de7f5a76c62a7a835d0f4bf72a7ed0c1defff5cee37684e53a8105743,"[50256, 34530, 30, 14674, 262, 3807, 373, 655, 845]","[50256, 22069, 13, 14674, 262, 3807, 373, 655, 845]",9,9,True
sst_dev,1,sst-dev-7828,sst-dev-1571,0,1,Bad. Overall the movie was just very,Cool? Overall the movie was just very,886bd30de7f5a76c62a7a835d0f4bf72a7ed0c1defff5cee37684e53a8105743,c4b4a60a9c10a0b33eaf1fe9300bd54aca6aac4e350d66fc827da2c743ed09e0,"[50256, 22069, 13, 14674, 262, 3807, 373, 655, 845]","[50256, 34530, 30, 14674, 262, 3807, 373, 655, 845]",9,9,True
sst_dev,2,sst-dev-1499,sst-dev-7873,1,0,Lovely and poignant. Overall the movie was just very,This is so bad. Overall the movie was just very,27cc44e199b518cef414146d981dbc004d1a9c82c5bf09d2d5aa413b577907ec,4d21ea6769f181ea4ac7703c3803191a60c5e7ebb54cde39494bb345c5f2ade4,"[50256, 18565, 306, 290, 45516, 13, 14674, 262, 3807, 373, 655, 845]","[50256, 1212, 318, 523, 2089, 13, 14674, 262, 3807, 373, 655, 845]",12,12,True
sst_dev,3,sst-dev-7873,sst-dev-1499,0,1,This is so bad. Overall the movie was just very,Lovely and poignant. Overall the movie was just very,4d21ea6769f181ea4ac7703c3803191a60c5e7ebb54cde39494bb345c5f2ade4,27cc44e199b518cef414146d981dbc004d1a9c82c5bf09d2d5aa413b577907ec,"[50256, 1212, 318, 523, 2089, 13, 14674, 262, 3807, 373, 655, 845]","[50256, 18565, 306, 290, 45516, 13, 14674, 262, 3807, 373, 655, 845]",12,12,True
