example_id,source_example_id,text,label,label_name,split,original_valence_class,annotation_scale,binary_policy,manual_letter,manual_annotation
ait-validation-2018-En-03916,2018-En-03916,Got woken up by a road sweeper I was trying to sleep ,0,negative,validation,-2,ordinal_-3_to_3,negative=-3..-1; zero=excluded; positive=1..3,A,target_directed
ait-validation-2018-En-01568,2018-En-01568,@silverstein 13th time seeing you guys today and you cancel the meet and greet because of the storm. We're all soaked.. 😡 #dissapointed,0,negative,validation,-3,ordinal_-3_to_3,negative=-3..-1; zero=excluded; positive=1..3,A,target_directed
ait-test-2018-En-01380,2018-En-01380,@MGBarbieri @SpalkTalk And just saw your LinkedIn comment after I sent this! Thanks for the message 😀,1,positive,test,2,ordinal_-3_to_3,negative=-3..-1; zero=excluded; positive=1..3,A,target_directed
ait-test-2018-En-00672,2018-En-00672,when will i ever be happy with myself?,0,negative,test,-2,ordinal_-3_to_3,negative=-3..-1; zero=excluded; positive=1..3,A,target_directed
ait-test-2018-En-00557,2018-En-00557,@joerogan I looked at the eclipse without glasses and now I have x-ray vision! #awesomeness,1,positive,test,3,ordinal_-3_to_3,negative=-3..-1; zero=excluded; positive=1..3,A,target_directed
ait-test-2018-En-03118,2018-En-03118,A beautiful day starts with you being cheerful and letting the #joy of the #Lord spring out of you &lt;3\n\nNelly Cruz,1,positive,test,2,ordinal_-3_to_3,negative=-3..-1; zero=excluded; positive=1..3,C,reported_quoted
ait-test-2018-En-00038,2018-En-00038,@SpacePootler Just ran out of data… #shiver,0,negative,test,-2,ordinal_-3_to_3,negative=-3..-1; zero=excluded; positive=1..3,A,target_directed
ait-test-2018-En-00008,2018-En-00008,@ArriFaun This was such a great way to start the day lmao 🤣😂,1,positive,test,2,ordinal_-3_to_3,negative=-3..-1; zero=excluded; positive=1..3,A,target_directed
ait-validation-2018-En-01659,2018-En-01659,I'm soooo annoyed. Wait to start my morning.,0,negative,validation,-3,ordinal_-3_to_3,negative=-3..-1; zero=excluded; positive=1..3,B,objectless_general
ait-test-2018-En-02823,2018-En-02823,A joyless faith is not one for which Jesus died. #thegospel #joy #Jesus #happiness,1,positive,test,1,ordinal_-3_to_3,negative=-3..-1; zero=excluded; positive=1..3,A,target_directed
ait-test-2018-En-01652,2018-En-01652,"I'm also wheezing really hard. I decided to make up today, and then after I got to work realized it was mbbsd, and now I'm #intimidated",0,negative,test,-2,ordinal_-3_to_3,negative=-3..-1; zero=excluded; positive=1..3,A,target_directed
ait-test-2018-En-00841,2018-En-00841,@scatteredmom Totally! He had 3 teenage girls(daughters +a friend) who were freaked out cuz their clothes &amp; bikes were destroyed. #ironic,0,negative,test,-3,ordinal_-3_to_3,negative=-3..-1; zero=excluded; positive=1..3,C,reported_quoted
ait-validation-2018-En-01504,2018-En-01504,"YES, Joe Buck! Just how I wanna spend my evening. I'm so glad I get to hear his sweet voice for the next 2-3 hours #AllStarGame #sarcasm",1,positive,validation,1,ordinal_-3_to_3,negative=-3..-1; zero=excluded; positive=1..3,A,target_directed
ait-train-2017-En-20284,2017-En-20284,We're all in D. T. (Discipleship training or detox) for something. #messy  #cutoff #choosefreedom #CryOut16,0,negative,train,-2,ordinal_-3_to_3,negative=-3..-1; zero=excluded; positive=1..3,E,ambiguous
ait-train-2017-En-11466,2017-En-11466,"She's foaming at the lips the one between her hips @realobietrice, one of many great lyrics",1,positive,train,1,ordinal_-3_to_3,negative=-3..-1; zero=excluded; positive=1..3,A,target_directed
ait-train-2017-En-40204,2017-En-40204,"If Payet goes either in Jan or @ the seasons end, can't say I blame him. The boy must b so disheartened by what he's seeing at the mo.",0,negative,train,-3,ordinal_-3_to_3,negative=-3..-1; zero=excluded; positive=1..3,A,target_directed
ait-test-2018-En-01270,2018-En-01270,@djsantero I'm feeling bad for the family dog.  #nightmare,0,negative,test,-3,ordinal_-3_to_3,negative=-3..-1; zero=excluded; positive=1..3,A,target_directed
ait-train-2017-En-30994,2017-En-30994,@WHUFC_HUB @westhamtransfer @TheHammers_ I don't see any reason for optimism at this point. Just stringing together bad performances.,0,negative,train,-3,ordinal_-3_to_3,negative=-3..-1; zero=excluded; positive=1..3,A,target_directed
ait-train-2017-En-30453,2017-En-30453,Benefit out exhilaration called online backing off: JkUVmvQXY,1,positive,train,1,ordinal_-3_to_3,negative=-3..-1; zero=excluded; positive=1..3,E,ambiguous
ait-train-2017-En-11554,2017-En-11554,Honestly fuming,0,negative,train,-2,ordinal_-3_to_3,negative=-3..-1; zero=excluded; positive=1..3,B,objectless_general
ait-train-2017-En-40039,2017-En-40039,"@TNFryed Jesus, you just made think that of all the Vols v fl games I've seen. I've never seen a win. #depression",0,negative,train,-3,ordinal_-3_to_3,negative=-3..-1; zero=excluded; positive=1..3,A,target_directed
ait-test-2018-En-03004,2018-En-03004,"So hungry after eclipse. Ate a few slices of roasted beef, some cheese, and a glass of wine. Now I need a nap after reading. #bliss #eclipse",1,positive,test,1,ordinal_-3_to_3,negative=-3..-1; zero=excluded; positive=1..3,A,target_directed
ait-test-2018-En-00691,2018-En-00691,Found out the peraon i liked wanted to that someone else #sadness,0,negative,test,-3,ordinal_-3_to_3,negative=-3..-1; zero=excluded; positive=1..3,A,target_directed
ait-train-2017-En-31140,2017-En-31140,@matildaswish it's great to see Matilda so happy in her new chair it will provide her with access to lots of new experiences. ,1,positive,train,3,ordinal_-3_to_3,negative=-3..-1; zero=excluded; positive=1..3,A,target_directed
ait-validation-2018-En-00103,2018-En-00103,i already have 3 Nico URs and i really need a smile UR ;; i'm confused,0,negative,validation,-2,ordinal_-3_to_3,negative=-3..-1; zero=excluded; positive=1..3,A,target_directed
ait-validation-2018-En-03010,2018-En-03010,I just watched the video that i took at troye's concert last year during happy little pill and now im crying i miss him @troyesivan 😭,0,negative,validation,-2,ordinal_-3_to_3,negative=-3..-1; zero=excluded; positive=1..3,A,target_directed
ait-test-2018-En-03515,2018-En-03515,i was more happy and excited about mamapink's interactions with each other than i was about any of their wins i gtg,1,positive,test,2,ordinal_-3_to_3,negative=-3..-1; zero=excluded; positive=1..3,A,target_directed
ait-train-2017-En-30155,2017-En-30155,Thank you @RachelPlatten for teaching me how to live again. It's been so long since &amp; this ride is about to be exhilarating. I just know it,1,positive,train,3,ordinal_-3_to_3,negative=-3..-1; zero=excluded; positive=1..3,A,target_directed
ait-train-2017-En-10907,2017-En-10907,Just joined #pottermore and was sorted into HUFFLEPUFF 😡😡😡 ,0,negative,train,-2,ordinal_-3_to_3,negative=-3..-1; zero=excluded; positive=1..3,A,target_directed
ait-train-2017-En-11268,2017-En-11268,@cassidyyy_0 literally Nicole already had her chance and she played shitty both seasons. ,0,negative,train,-1,ordinal_-3_to_3,negative=-3..-1; zero=excluded; positive=1..3,A,target_directed
ait-train-2017-En-20210,2017-En-20210,I hate having ideas but being too afraid to share them 😔,0,negative,train,-3,ordinal_-3_to_3,negative=-3..-1; zero=excluded; positive=1..3,A,target_directed
ait-test-2018-En-00684,2018-En-00684,I feel so intimidated talking to chicken now that I know how pretty she is,0,negative,test,-2,ordinal_-3_to_3,negative=-3..-1; zero=excluded; positive=1..3,A,target_directed
ait-test-2018-En-01188,2018-En-01188,@help_dms___ So good lunch 😊,1,positive,test,3,ordinal_-3_to_3,negative=-3..-1; zero=excluded; positive=1..3,A,target_directed
ait-test-2018-En-01531,2018-En-01531,"@chrisdrunkpoets @MusicHourUK 💞🛸✨ Love your new music Chris!!!🌟🎯🍎It's otherworldly, like you!! #awesomeness 🦄🧜🏽‍♂️🧜🏽‍♀️🧙🏽‍♀️🧙🏽‍♂️✨🔆",1,positive,test,3,ordinal_-3_to_3,negative=-3..-1; zero=excluded; positive=1..3,A,target_directed
ait-train-2017-En-31290,2017-En-31290,"WHY TF DO BROKE BOYS KEEP TRYNA FIND GF's? GET UR FUCKIN $$$ RIGHT B4 I SMACK YO BITCHASS, she deserves 2be happy &amp; u don't deserve that ass",0,negative,train,-2,ordinal_-3_to_3,negative=-3..-1; zero=excluded; positive=1..3,A,target_directed
ait-train-2017-En-20219,2017-En-20219,And here we go again 😓 #restless,0,negative,train,-1,ordinal_-3_to_3,negative=-3..-1; zero=excluded; positive=1..3,B,objectless_general
ait-test-2018-En-03978,2018-En-03978,A bit late but had to say Love You Zindagi by The Live 100 experience gave me goosebumps!Big shout to all of them! #awesomeness at its peak,1,positive,test,3,ordinal_-3_to_3,negative=-3..-1; zero=excluded; positive=1..3,A,target_directed
ait-train-2017-En-31083,2017-En-31083,It is so exhilarating taking on the challenge of demonstrating + explaining WHY #JamesJoyce's #Ulysses is so endearing &amp; wonderful!,1,positive,train,2,ordinal_-3_to_3,negative=-3..-1; zero=excluded; positive=1..3,A,target_directed
ait-test-2018-En-01391,2018-En-01391,I am so freaking annoyed that he constantly feels the need to be a time in my life where I'd be happy with just one monitor on my PC,0,negative,test,-3,ordinal_-3_to_3,negative=-3..-1; zero=excluded; positive=1..3,A,target_directed
ait-train-2017-En-30914,2017-En-30914,#twd comes on soon #happy,1,positive,train,3,ordinal_-3_to_3,negative=-3..-1; zero=excluded; positive=1..3,A,target_directed
ait-validation-2018-En-03875,2018-En-03875,Everything I order online just comes looking like a piece of shit 😤,0,negative,validation,-3,ordinal_-3_to_3,negative=-3..-1; zero=excluded; positive=1..3,A,target_directed
ait-validation-2018-En-04066,2018-En-04066,@FierzaaRBX hi fierzaa i hope you be my friend in roblox btw i love kat and username:USATylerX 😀,1,positive,validation,3,ordinal_-3_to_3,negative=-3..-1; zero=excluded; positive=1..3,A,target_directed
ait-test-2018-En-02043,2018-En-02043,Late dinner with my dad and fam in the mountains. I'm having an appetizer consisting of pop tarts and coffee. #delightful,1,positive,test,3,ordinal_-3_to_3,negative=-3..-1; zero=excluded; positive=1..3,A,target_directed
ait-train-2017-En-31137,2017-En-31137,"Half past midnight, loud banging on our front door, been told about new rape cases in Edinburgh today  #nosleep",0,negative,train,-3,ordinal_-3_to_3,negative=-3..-1; zero=excluded; positive=1..3,A,target_directed
ait-train-2017-En-21863,2017-En-21863,It's a Moving Day! #stress  #hope,0,negative,train,-2,ordinal_-3_to_3,negative=-3..-1; zero=excluded; positive=1..3,A,target_directed
ait-train-2017-En-21272,2017-En-21272,@JamesPiotr I am working on a feature right now about the preponderance of awful owners who are at war with fans. So many to choose from.,0,negative,train,-2,ordinal_-3_to_3,negative=-3..-1; zero=excluded; positive=1..3,A,target_directed
ait-test-2018-En-03909,2018-En-03909,mum got out of a rlly bad car crash completely not injured and i found a rlly sentimental piece of jewellery i thought i'd lost #blessed,1,positive,test,1,ordinal_-3_to_3,negative=-3..-1; zero=excluded; positive=1..3,A,target_directed
ait-test-2018-En-02855,2018-En-02855,@BBCNews @BBCBreaking I don't think it's very funny you guys bullying a man for struggling to put on a poncho #bully #bullies #bbc,0,negative,test,-2,ordinal_-3_to_3,negative=-3..-1; zero=excluded; positive=1..3,A,target_directed
ait-train-2017-En-30060,2017-En-30060,Made my night that @GordonReid91 Reid was included in tonight's hilarity. Some of those points were brilliant. Thanks @andy_murray,1,positive,train,3,ordinal_-3_to_3,negative=-3..-1; zero=excluded; positive=1..3,A,target_directed
ait-test-2018-En-03112,2018-En-03112,I'm extra lazy today 😟,0,negative,test,-2,ordinal_-3_to_3,negative=-3..-1; zero=excluded; positive=1..3,B,objectless_general
ait-test-2018-En-03015,2018-En-03015,@saffronieee thnx fan 😂,1,positive,test,2,ordinal_-3_to_3,negative=-3..-1; zero=excluded; positive=1..3,A,target_directed
ait-train-2017-En-11392,2017-En-11392,@EE your website is making me feel violent rage and your upgrade options aren't helping either. #Aaaaarrrrgghhh #iwanttocancel #rage,0,negative,train,-3,ordinal_-3_to_3,negative=-3..-1; zero=excluded; positive=1..3,A,target_directed
ait-test-2018-En-00243,2018-En-00243,"You are MINE, my baby, my headache, my love, my smile, my frown, my wrong, my right, my pain, my happiness, my everything.",1,positive,test,3,ordinal_-3_to_3,negative=-3..-1; zero=excluded; positive=1..3,A,target_directed
ait-validation-2018-En-01207,2018-En-01207,Good times never fade away #smile,1,positive,validation,1,ordinal_-3_to_3,negative=-3..-1; zero=excluded; positive=1..3,B,objectless_general
ait-train-2017-En-31610,2017-En-31610,Being #happy means letting go of the clinging and attachment to things in your life. #WednesdayWisdom #life,1,positive,train,1,ordinal_-3_to_3,negative=-3..-1; zero=excluded; positive=1..3,A,target_directed
ait-test-2018-En-03993,2018-En-03993,@fredonair I always laugh during horror movies,1,positive,test,2,ordinal_-3_to_3,negative=-3..-1; zero=excluded; positive=1..3,A,target_directed
ait-train-2017-En-40379,2017-En-40379,What day is it #lost,0,negative,train,-2,ordinal_-3_to_3,negative=-3..-1; zero=excluded; positive=1..3,B,objectless_general
ait-train-2017-En-30073,2017-En-30073,TheNiceBot: melbjs ;) Here is a smile and a wink from across the web. #TheNiceBot,1,positive,train,1,ordinal_-3_to_3,negative=-3..-1; zero=excluded; positive=1..3,C,reported_quoted
ait-validation-2018-En-04078,2018-En-04078,"So happy to be home from Ibiza the place is some thing else mad gaff that , need find a bird now I wanna start doing romantic things now 😂😂",1,positive,validation,3,ordinal_-3_to_3,negative=-3..-1; zero=excluded; positive=1..3,A,target_directed
ait-train-2017-En-20118,2017-En-20118,in my dream....They were trying to steal my kidney!!!  #blackmarket #whydidiwatchthat,0,negative,train,-2,ordinal_-3_to_3,negative=-3..-1; zero=excluded; positive=1..3,A,target_directed
ait-test-2018-En-04152,2018-En-04152,my blood sugar is 399 and my anxiety is wrecking me and i have court like right now and i made us late bc im fighting w my mom #great #good,0,negative,test,-3,ordinal_-3_to_3,negative=-3..-1; zero=excluded; positive=1..3,A,target_directed
ait-train-2017-En-31274,2017-En-31274,@lilymacintyre_ she was my favourite such a joyful soul,1,positive,train,1,ordinal_-3_to_3,negative=-3..-1; zero=excluded; positive=1..3,A,target_directed
ait-test-2018-En-00756,2018-En-00756,I've seen the innocence leave your eyes. I still mourn this death.,0,negative,test,-3,ordinal_-3_to_3,negative=-3..-1; zero=excluded; positive=1..3,A,target_directed
ait-train-2017-En-20103,2017-En-20103,"A country that gave safe house to #Osama Bin #Laden is dangerous if not contained. #Pakistan is a #terror heaven, declare so @BanKimoon_amdg",0,negative,train,-2,ordinal_-3_to_3,negative=-3..-1; zero=excluded; positive=1..3,A,target_directed
ait-train-2017-En-30210,2017-En-30210,Remember: The life you have is a blessing for #God. Make it a joyful experience regardless of the odds. GBY,1,positive,train,1,ordinal_-3_to_3,negative=-3..-1; zero=excluded; positive=1..3,A,target_directed
ait-train-2017-En-20726,2017-En-20726,@SueWallace78 peanut butter???? You some kinda pervert?? ,0,negative,train,-2,ordinal_-3_to_3,negative=-3..-1; zero=excluded; positive=1..3,A,target_directed
ait-train-2017-En-30040,2017-En-30040,@palmtreesarah @WorthingTheatre had more fun than the funniest person in funsville..... Much hilarity as usual.... Thank you ❤️,1,positive,train,3,ordinal_-3_to_3,negative=-3..-1; zero=excluded; positive=1..3,A,target_directed
ait-train-2017-En-30789,2017-En-30789,@iamglenn35 the forth character? No... not gleeful enough...,0,negative,train,-1,ordinal_-3_to_3,negative=-3..-1; zero=excluded; positive=1..3,A,target_directed
ait-train-2017-En-30708,2017-En-30708,A former diplomat is quite gleeful about the situation of Pakistan on @TimesNow\nNot quite stiff upper lip of diplomacy seen normally,0,negative,train,-2,ordinal_-3_to_3,negative=-3..-1; zero=excluded; positive=1..3,A,target_directed
ait-test-2018-En-01448,2018-En-01448,its horribly gloomy out rn and im flourishing,0,negative,test,-2,ordinal_-3_to_3,negative=-3..-1; zero=excluded; positive=1..3,A,target_directed
ait-train-2017-En-22193,2017-En-22193,@GOtvNg CN seems like you only appreciate good reviews. No apologies to my concern years ago.,0,negative,train,-2,ordinal_-3_to_3,negative=-3..-1; zero=excluded; positive=1..3,A,target_directed
ait-test-2018-En-03520,2018-En-03520,"Oklahoma, South Carolina, Idaho, and Louisiana I'll see you this fall 😍 #excitement",1,positive,test,3,ordinal_-3_to_3,negative=-3..-1; zero=excluded; positive=1..3,A,target_directed
ait-train-2017-En-31334,2017-En-31334,@lizbon @anomalily @gerikkransky Sorry for the levity if at all inappropriate but this combined with my love of Charlotte reminds me rn...,0,negative,train,-2,ordinal_-3_to_3,negative=-3..-1; zero=excluded; positive=1..3,A,target_directed
ait-train-2017-En-31432,2017-En-31432,Impractical Jokers...practically genius!!!  @BQQuinn #laughter #good4thesoul #ImpracticalJokers #bingewatching,1,positive,train,2,ordinal_-3_to_3,negative=-3..-1; zero=excluded; positive=1..3,A,target_directed
ait-train-2017-En-30898,2017-En-30898,@r0Ils ppl get triggered over u smiling they're irrelevant,0,negative,train,-2,ordinal_-3_to_3,negative=-3..-1; zero=excluded; positive=1..3,A,target_directed
ait-validation-2018-En-00169,2018-En-00169,Can't wait to take family pictures 😩💜💜 just so excited to start doing fun things with my babies 👨‍👩‍👧,1,positive,validation,2,ordinal_-3_to_3,negative=-3..-1; zero=excluded; positive=1..3,A,target_directed
ait-test-2018-En-03045,2018-En-03045,@KerryKatona7 Stunner cute like her mum 😃,1,positive,test,3,ordinal_-3_to_3,negative=-3..-1; zero=excluded; positive=1..3,A,target_directed
ait-validation-2018-En-01051,2018-En-01051,I'm so #glad my #baby can't hear what I'm #thinking,1,positive,validation,2,ordinal_-3_to_3,negative=-3..-1; zero=excluded; positive=1..3,A,target_directed
ait-train-2017-En-31170,2017-En-31170,I'm so so so excited for #UsernameRegenerated  I can't wait! I wish I could get a signed copy! I'm so happy for you. @Joe_Sugg,1,positive,train,3,ordinal_-3_to_3,negative=-3..-1; zero=excluded; positive=1..3,A,target_directed
ait-train-2017-En-11187,2017-En-11187,some of the casuals tweets that Vic has faved are making me gag #bitter,0,negative,train,-3,ordinal_-3_to_3,negative=-3..-1; zero=excluded; positive=1..3,A,target_directed
ait-train-2017-En-31077,2017-En-31077,Did u laugh today? Laugh hard? I hope so..we NEED laughter now.  #love,1,positive,train,2,ordinal_-3_to_3,negative=-3..-1; zero=excluded; positive=1..3,A,target_directed
ait-test-2018-En-01113,2018-En-01113,#jeremyvine take a slightly dull subject and makes it so tediously boring you actually want to rip your own throat out!,0,negative,test,-3,ordinal_-3_to_3,negative=-3..-1; zero=excluded; positive=1..3,A,target_directed
ait-train-2017-En-30843,2017-En-30843,The smell of freshly cut grass didn't even cheer me up...boy oh boy,0,negative,train,-2,ordinal_-3_to_3,negative=-3..-1; zero=excluded; positive=1..3,A,target_directed
ait-train-2017-En-30293,2017-En-30293,Do what makes you successful and #happy now and forever,1,positive,train,3,ordinal_-3_to_3,negative=-3..-1; zero=excluded; positive=1..3,A,target_directed
ait-train-2017-En-31576,2017-En-31576,Cool to see when smart #CowboysTwitter folks chirp the same stuff you did during your review.  This is why I joined.,1,positive,train,1,ordinal_-3_to_3,negative=-3..-1; zero=excluded; positive=1..3,A,target_directed
ait-train-2017-En-10153,2017-En-10153,When you break a record in #madden I wish it didn't say the same shit after every rush like you just broke the record. #shutupphilsimms,0,negative,train,-2,ordinal_-3_to_3,negative=-3..-1; zero=excluded; positive=1..3,A,target_directed
ait-train-2017-En-40010,2017-En-40010,Honestly depression is kicking my ass lately.. 😔,0,negative,train,-3,ordinal_-3_to_3,negative=-3..-1; zero=excluded; positive=1..3,B,objectless_general
ait-validation-2018-En-03230,2018-En-03230,"It is a #great start for #beginners to jump into auto #trading. PROFITABLE FX EA will give you full support, manuals &amp; Team Viewer support.",1,positive,validation,1,ordinal_-3_to_3,negative=-3..-1; zero=excluded; positive=1..3,A,target_directed
ait-train-2017-En-30265,2017-En-30265,I thought I got mad for anything but my bf gets mad over any little thing lmfao shit be hilarious,1,positive,train,1,ordinal_-3_to_3,negative=-3..-1; zero=excluded; positive=1..3,A,target_directed
ait-test-2018-En-02372,2018-En-02372,Don't be afraid to start. Be afraid not to start. #happiness,1,positive,test,1,ordinal_-3_to_3,negative=-3..-1; zero=excluded; positive=1..3,A,target_directed
ait-validation-2018-En-02842,2018-En-02842,Soon the trailer will have more likes than views 😆,1,positive,validation,1,ordinal_-3_to_3,negative=-3..-1; zero=excluded; positive=1..3,A,target_directed
ait-test-2018-En-00953,2018-En-00953,IT WASN'T ENOUGH 😢,0,negative,test,-3,ordinal_-3_to_3,negative=-3..-1; zero=excluded; positive=1..3,E,ambiguous
ait-train-2017-En-31383,2017-En-31383,@BrianaBanksxoxo I send ya a few #playful nibbles 😉,1,positive,train,1,ordinal_-3_to_3,negative=-3..-1; zero=excluded; positive=1..3,A,target_directed
ait-validation-2018-En-00161,2018-En-00161,"Waking up to the #scent of #coffee, there's no other #pleasure .\n\n#morning #carliforniadreaming #Writers",1,positive,validation,2,ordinal_-3_to_3,negative=-3..-1; zero=excluded; positive=1..3,A,target_directed
ait-test-2018-En-01662,2018-En-01662,"Elle: a delicious, dark, perverse work of intrigue, streaked with cruel humour. Superb performance from Isabelle Huppert. A one off #ElleDVD",1,positive,test,1,ordinal_-3_to_3,negative=-3..-1; zero=excluded; positive=1..3,A,target_directed
ait-train-2017-En-31460,2017-En-31460,@homoaesthetics YESYESYES like jd is the closest cahracter that is similar to blaine!! the optimism and ability to crack tough characters,1,positive,train,1,ordinal_-3_to_3,negative=-3..-1; zero=excluded; positive=1..3,A,target_directed
ait-train-2017-En-30576,2017-En-30576,Tip 5: Don't worry about pleasing everyone. #TitanWisdom,0,negative,train,-2,ordinal_-3_to_3,negative=-3..-1; zero=excluded; positive=1..3,A,target_directed
ait-validation-2018-En-02820,2018-En-02820,"@SRuhle @MSNBC Sebestian Gorka, what a arrogant A~hole! Has no business speaking! ",0,negative,validation,-2,ordinal_-3_to_3,negative=-3..-1; zero=excluded; positive=1..3,A,target_directed
ait-train-2017-En-30666,2017-En-30666,@lennyabrahamson May I send you a copy of #HeroTheGreyhound? Either e-book or real paper one! A boy and a greyhound #smiles #tears ,1,positive,train,1,ordinal_-3_to_3,negative=-3..-1; zero=excluded; positive=1..3,A,target_directed
ait-train-2017-En-30021,2017-En-30021,"When you wake up from a dream laughing at something stupid, and that makes you laugh more #hilarious",1,positive,train,3,ordinal_-3_to_3,negative=-3..-1; zero=excluded; positive=1..3,A,target_directed
