example_id,source_example_id,text,label,label_name,split,original_valence_class,annotation_scale,binary_policy,annotation_letter,annotation,top_probability,second_letter,second_probability,probability_margin,probability_A,probability_B,probability_C,probability_D,probability_E
ait-test-2018-En-00677,2018-En-00677,"@AWilliamson54 dude, you're killing it on KSR #hilarious #AradioNatural",1,positive,test,3,ordinal_-3_to_3,negative=-3..-1; zero=excluded; positive=1..3,D,mixed,0.502069890499115,A,0.48668035864830017,0.01538953185081482,0.48668035864830017,0.008812096901237965,0.001562635414302349,0.502069890499115,0.0008749621920287609
ait-test-2018-En-01655,2018-En-01655,"I just tore my 2nd meniscus in 2 months what the fuck have you accomplished. But seriously, reaching maniacal laughter pain/WTF, self?-ness",0,negative,test,-2,ordinal_-3_to_3,negative=-3..-1; zero=excluded; positive=1..3,D,mixed,0.9924495220184326,A,0.005792832933366299,0.986656665802002,0.005792832933366299,0.0003670800942927599,1.999848427658435e-05,0.9924495220184326,0.0013705124147236347
ait-test-2018-En-01721,2018-En-01721,@TimHortons Please please PLEASE make your jalapeño jack sandwich a regular! I LOOOVE it!!! ,1,positive,test,2,ordinal_-3_to_3,negative=-3..-1; zero=excluded; positive=1..3,D,mixed,0.9952341914176941,A,0.003869730280712247,0.9913644790649414,0.003869730280712247,0.0002782278461381793,4.821703441848513e-06,0.9952341914176941,0.0006131076370365918
ait-test-2018-En-01730,2018-En-01730,@MikeyBustos im extremely sad and the parody is not on time 😭 i need to laugh,0,negative,test,-3,ordinal_-3_to_3,negative=-3..-1; zero=excluded; positive=1..3,A,target_directed,0.964296281337738,D,0.02265654318034649,0.9416397213935852,0.964296281337738,0.013012940995395184,1.1297026503598318e-05,0.02265654318034649,2.2985223040450364e-05
ait-test-2018-En-01947,2018-En-01947,On the bright side ma work pals have treated me too a spotty dotty cookie,1,positive,test,1,ordinal_-3_to_3,negative=-3..-1; zero=excluded; positive=1..3,B,objectless_general,0.7820355296134949,A,0.17182841897010803,0.6102070808410645,0.17182841897010803,0.7820355296134949,0.005072478204965591,0.03299026936292648,0.008073332719504833
ait-test-2018-En-02449,2018-En-02449,"@esmithla Word of advice, don't jump, it's not worth damaging your camera #sarcasm",0,negative,test,-2,ordinal_-3_to_3,negative=-3..-1; zero=excluded; positive=1..3,D,mixed,0.9301358461380005,A,0.05829237401485443,0.8718434572219849,0.05829237401485443,0.0037149249110370874,0.0054566459730267525,0.9301358461380005,0.0024001835845410824
ait-test-2018-En-03596,2018-En-03596,Its funny how the people that break your heart are the ones that swore they never would #irony,0,negative,test,-2,ordinal_-3_to_3,negative=-3..-1; zero=excluded; positive=1..3,A,target_directed,0.982905387878418,D,0.011932998895645142,0.9709724187850952,0.982905387878418,0.001819543307647109,0.00025309782358817756,0.011932998895645142,0.0030890374910086393
ait-test-2018-En-03958,2018-En-03958,"@mcmalveiro Hi Miguel, that's awesome! Thank you very much for updating us! 😄 -Claire",1,positive,test,3,ordinal_-3_to_3,negative=-3..-1; zero=excluded; positive=1..3,B,objectless_general,0.9995569586753845,C,0.00026627714396454394,0.9992907047271729,6.341814150800928e-05,0.9995569586753845,0.00026627714396454394,1.2201936442579608e-05,0.00010123215906787664
ait-train-2017-En-10084,2017-En-10084,but that was a mistake and a half assed excuse and now here i am burning in hell forever,0,negative,train,-2,ordinal_-3_to_3,negative=-3..-1; zero=excluded; positive=1..3,D,mixed,0.8131353259086609,A,0.16150343418121338,0.6516318917274475,0.16150343418121338,0.002583908149972558,0.0003211666189599782,0.8131353259086609,0.022456159815192223
ait-train-2017-En-11160,2017-En-11160,Ppl like that irritate my soul,0,negative,train,-2,ordinal_-3_to_3,negative=-3..-1; zero=excluded; positive=1..3,A,target_directed,0.9991483688354492,D,0.0004178495437372476,0.9987305402755737,0.9991483688354492,0.00035662527079693973,6.755225331289694e-05,0.0004178495437372476,9.621565368433949e-06
ait-train-2017-En-11244,2017-En-11244,All options are on the table - #revenge is coming.,0,negative,train,-2,ordinal_-3_to_3,negative=-3..-1; zero=excluded; positive=1..3,E,ambiguous,0.9028619527816772,B,0.0884004756808281,0.8144614696502686,0.002320721046999097,0.0884004756808281,0.0026466790586709976,0.0037701078690588474,0.9028619527816772
ait-train-2017-En-20412,2017-En-20412,@ExpressScripts u shd b embrrssd. u jack up my bp meds twice and it will still take 3-5 days? Not express at all. #expressscripts #horrible,0,negative,train,-3,ordinal_-3_to_3,negative=-3..-1; zero=excluded; positive=1..3,D,mixed,0.8319054841995239,A,0.12672415375709534,0.705181360244751,0.12672415375709534,0.03076302818953991,0.003531345399096608,0.8319054841995239,0.007076002191752195
ait-train-2017-En-20423,2017-En-20423,@zavvi @zavvihelp only offering 6 moth warranty #ps4pro #shocking #truth #ripoff,0,negative,train,-2,ordinal_-3_to_3,negative=-3..-1; zero=excluded; positive=1..3,D,mixed,0.5989044308662415,A,0.21866677701473236,0.3802376389503479,0.21866677701473236,0.04646971821784973,0.016549833118915558,0.5989044308662415,0.11940929293632507
ait-train-2017-En-30404,2017-En-30404,"@carysmithwriter @Maria_Savva @RealRockAndRoll We're the least known band in the World, but so glad you asked #muchlove ",1,positive,train,2,ordinal_-3_to_3,negative=-3..-1; zero=excluded; positive=1..3,E,ambiguous,0.8069103956222534,B,0.17211468517780304,0.6347957253456116,0.00010998632933478802,0.17211468517780304,0.01901599019765854,0.0018490144284442067,0.8069103956222534
ait-train-2017-En-31360,2017-En-31360,A warm #smile is the universal language of kindness William Arthur Ward #love #kindness,1,positive,train,1,ordinal_-3_to_3,negative=-3..-1; zero=excluded; positive=1..3,B,objectless_general,0.9750001430511475,E,0.014355511404573917,0.9606446027755737,0.00014453525363933295,0.9750001430511475,0.010352635756134987,0.00014719997125212103,0.014355511404573917
ait-train-2017-En-40429,2017-En-40429,"@Cpt_SRogers_\n'Well it can go one of two ways. You either get over it and accept it, because it's not going to change, or you mope about --",0,negative,train,-2,ordinal_-3_to_3,negative=-3..-1; zero=excluded; positive=1..3,D,mixed,0.9346150159835815,A,0.043103501200675964,0.8915114998817444,0.043103501200675964,0.007446306757628918,0.0010852300329133868,0.9346150159835815,0.013749982230365276
ait-train-2017-En-41255,2017-En-41255,But guess what ? I'm sober,0,negative,train,-2,ordinal_-3_to_3,negative=-3..-1; zero=excluded; positive=1..3,B,objectless_general,0.982052743434906,A,0.011044285260140896,0.9710084795951843,0.011044285260140896,0.982052743434906,0.0005733916186727583,0.001486272201873362,0.004843257833272219
ait-train-2017-En-41396,2017-En-41396,People too weak to follow their own dreams will always find a way to discourage yours.,0,negative,train,-2,ordinal_-3_to_3,negative=-3..-1; zero=excluded; positive=1..3,D,mixed,0.3696782886981964,B,0.30158108472824097,0.06809720396995544,0.28501757979393005,0.30158108472824097,0.005720159970223904,0.3696782886981964,0.03800288960337639
ait-validation-2018-En-00688,2018-En-00688,@AwardsDaily Looks that way.  I don't want to see how Q is going to handle Tate murder.  #shudder,0,negative,validation,-2,ordinal_-3_to_3,negative=-3..-1; zero=excluded; positive=1..3,D,mixed,0.49498477578163147,A,0.3215378522872925,0.173446923494339,0.3215378522872925,0.17090432345867157,0.0031011502724140882,0.49498477578163147,0.009471915662288666
ait-validation-2018-En-02288,2018-En-02288,"@NewsByKatherine @jonkarl @ABC YOU GUY'S SOUND astounded!! Does anyone working w Trump WH have an any ethical,moral, values? 🙈🙉🙊",0,negative,validation,-2,ordinal_-3_to_3,negative=-3..-1; zero=excluded; positive=1..3,D,mixed,0.5507593750953674,A,0.4455508887767792,0.10520848631858826,0.4455508887767792,0.0010828962549567223,0.0001397852465743199,0.5507593750953674,0.002467048354446888
