model,method,layer,dataset,clean_id,corrupted_id,clean_label,corrupted_label,clean_logit_diff,corrupted_logit_diff,patched_logit_diff,clean_margin,corrupted_margin,patched_margin,recovery,recovery_percent,flipped
gpt2-small,mean_diff,0,toy_test,toy-test-pos-000,toy-test-neg-000,1,0,1.97271728515625,0.4060928523540497,1.59019935131073,1.97271728515625,0.4060928523540497,1.59019935131073,0.7558330344935862,75.58330344935861,0.0
gpt2-small,mean_diff,0,toy_test,toy-test-neg-000,toy-test-pos-001,0,1,0.4060928523540497,2.5448319911956787,2.006578207015991,-0.4060928523540497,-2.5448319911956787,-2.006578207015991,0.25166873996200084,25.16687399620008,0.0
gpt2-small,mean_diff,0,toy_test,toy-test-pos-001,toy-test-neg-001,1,0,2.5448319911956787,-2.2181899547576904,1.2280091047286987,2.5448319911956787,-2.2181899547576904,1.2280091047286987,0.7235320556131924,72.35320556131924,1.0
gpt2-small,mean_diff,0,toy_test,toy-test-neg-001,toy-test-pos-002,0,1,-2.2181899547576904,2.7425949573516846,2.0887038707733154,2.2181899547576904,-2.7425949573516846,-2.0887038707733154,0.1318120213158623,13.181202131586232,0.0
gpt2-small,mean_diff,0,toy_test,toy-test-pos-002,toy-test-neg-002,1,0,2.7425949573516846,-0.5889434814453125,1.1375397443771362,2.7425949573516846,-0.5889434814453125,1.1375397443771362,0.5182240149826618,51.82240149826618,1.0
gpt2-small,mean_diff,0,toy_test,toy-test-neg-002,toy-test-pos-003,0,1,-0.5889434814453125,2.9197938442230225,0.582073986530304,0.5889434814453125,-2.9197938442230225,-0.582073986530304,0.6662567301892386,66.62567301892386,0.0
gpt2-small,mean_diff,0,toy_test,toy-test-pos-003,toy-test-neg-003,1,0,2.9197938442230225,-0.9988144040107727,1.6205352544784546,2.9197938442230225,-0.9988144040107727,1.6205352544784546,0.6684387651329594,66.84387651329594,1.0
gpt2-small,mean_diff,0,toy_test,toy-test-neg-003,toy-test-pos-004,0,1,-0.9988144040107727,2.673222303390503,0.42534637451171875,0.9988144040107727,-2.673222303390503,-0.42534637451171875,0.6121605277932041,61.21605277932041,0.0
gpt2-small,mean_diff,0,toy_test,toy-test-pos-004,toy-test-neg-004,1,0,2.673222303390503,-0.011453247629106045,0.9882659912109375,2.673222303390503,-0.011453247629106045,0.9882659912109375,0.37237990954264905,37.23799095426491,1.0
gpt2-small,mean_diff,0,toy_test,toy-test-neg-004,toy-test-pos-005,0,1,-0.011453247629106045,3.28045654296875,2.999311923980713,0.011453247629106045,-3.28045654296875,-2.999311923980713,0.08540471546061941,8.54047154606194,0.0
gpt2-small,mean_diff,0,toy_test,toy-test-pos-005,toy-test-neg-005,1,0,3.28045654296875,-0.8335129022598267,0.3979339599609375,3.28045654296875,-0.8335129022598267,0.3979339599609375,0.29933301124756984,29.933301124756984,1.0
gpt2-small,mean_diff,0,toy_test,toy-test-neg-005,toy-test-pos-006,0,1,-0.8335129022598267,1.9624115228652954,1.5802429914474487,0.8335129022598267,-1.9624115228652954,-1.5802429914474487,0.1366877187321485,13.66877187321485,0.0
gpt2-small,mean_diff,0,toy_test,toy-test-pos-006,toy-test-neg-006,1,0,1.9624115228652954,-0.3979553282260895,1.345698595046997,1.9624115228652954,-0.3979553282260895,1.345698595046997,0.7387215773119576,73.87215773119577,1.0
gpt2-small,mean_diff,0,toy_test,toy-test-neg-006,toy-test-pos-007,0,1,-0.3979553282260895,2.7889938354492188,0.12746277451515198,0.3979553282260895,-2.7889938354492188,-0.12746277451515198,0.8351344575150644,83.51344575150644,0.0
gpt2-small,mean_diff,0,toy_test,toy-test-pos-007,toy-test-neg-007,1,0,2.7889938354492188,0.4975341856479645,2.2817139625549316,2.7889938354492188,0.4975341856479645,2.2817139625549316,0.7786215118654675,77.86215118654674,0.0
gpt2-small,mean_diff,0,toy_test,toy-test-neg-007,toy-test-pos-008,0,1,0.4975341856479645,2.350268602371216,1.4366928339004517,-0.4975341856479645,-2.350268602371216,-1.4366928339004517,0.4930959128435232,49.30959128435232,0.0
gpt2-small,mean_diff,0,toy_test,toy-test-pos-008,toy-test-neg-008,1,0,2.3502578735351562,0.2668564021587372,2.368905782699585,2.3502578735351562,0.2668564021587372,2.368905782699585,1.0089507036548788,100.89507036548788,0.0
gpt2-small,mean_diff,0,toy_test,toy-test-neg-008,toy-test-pos-009,0,1,0.2668564021587372,2.8138046264648438,1.467095971107483,-0.2668564021587372,-2.8138046264648438,-1.467095971107483,0.5287538405788597,52.87538405788597,0.0
gpt2-small,mean_diff,0,toy_test,toy-test-pos-009,toy-test-neg-009,1,0,2.8138046264648438,-0.6639175415039062,0.38745424151420593,2.8138046264648438,-0.6639175415039062,0.38745424151420593,0.30231620935728515,30.231620935728515,1.0
gpt2-small,mean_diff,0,toy_test,toy-test-neg-009,toy-test-pos-010,0,1,-0.6639175415039062,2.810642957687378,1.7122329473495483,0.6639175415039062,-2.810642957687378,-1.7122329473495483,0.3161291940645409,31.61291940645409,0.0
gpt2-small,mean_diff,0,toy_test,toy-test-pos-010,toy-test-neg-010,1,0,2.810642957687378,0.4801620543003082,1.560943603515625,2.810642957687378,0.4801620543003082,1.560943603515625,0.4637590240042442,46.37590240042442,0.0
gpt2-small,mean_diff,0,toy_test,toy-test-neg-010,toy-test-pos-011,0,1,0.4801620543003082,2.436711072921753,2.1142959594726562,-0.4801620543003082,-2.436711072921753,-2.1142959594726562,0.1647876492643489,16.47876492643489,0.0
gpt2-small,mean_diff,0,toy_test,toy-test-pos-011,toy-test-neg-011,1,0,2.436711072921753,-1.6372283697128296,1.0123001337051392,2.436711072921753,-1.6372283697128296,1.0123001337051392,0.6503603062161721,65.03603062161721,1.0
gpt2-small,mean_diff,0,toy_test,toy-test-neg-011,toy-test-pos-012,0,1,-1.6372283697128296,2.8364975452423096,0.08181152492761612,1.6372283697128296,-2.8364975452423096,-0.08181152492761612,0.6157476056157357,61.57476056157357,0.0
gpt2-small,mean_diff,0,toy_test,toy-test-pos-012,toy-test-neg-012,1,0,2.8364975452423096,-0.31898194551467896,1.763738989830017,2.8364975452423096,-0.31898194551467896,1.763738989830017,0.6600331079461583,66.00331079461583,1.0
gpt2-small,mean_diff,0,toy_test,toy-test-neg-012,toy-test-pos-013,0,1,-0.31898194551467896,2.4389495849609375,1.6598663330078125,0.31898194551467896,-2.4389495849609375,-1.6598663330078125,0.28248825010487805,28.248825010487803,0.0
gpt2-small,mean_diff,0,toy_test,toy-test-pos-013,toy-test-neg-013,1,0,2.4389495849609375,-2.543194532394409,-0.5362152457237244,2.4389495849609375,-2.543194532394409,-0.5362152457237244,0.40283445026797865,40.283445026797864,0.0
gpt2-small,mean_diff,0,toy_test,toy-test-neg-013,toy-test-pos-000,0,1,-2.543194532394409,1.9727188348770142,-0.9183014035224915,2.543194532394409,-1.9727188348770142,0.9183014035224915,0.6401850530065194,64.01850530065194,1.0
gpt2-small,mean_diff,0,sst,sst-8968,sst-8874,1,0,1.3750152587890625,1.544281005859375,1.9394912719726562,1.3750152587890625,1.544281005859375,1.9394912719726562,-2.334850806815109,-233.48508068151085,0.0
gpt2-small,mean_diff,0,sst,sst-8874,sst-8968,0,1,1.544281005859375,1.3750152587890625,1.259552001953125,-1.544281005859375,-1.3750152587890625,-1.259552001953125,-0.6821418912827909,-68.21418912827909,0.0
gpt2-small,mean_diff,0,sst,sst-8433,sst-8851,1,0,1.9456253051757812,1.795013427734375,1.8575210571289062,1.9456253051757812,1.795013427734375,1.8575210571289062,0.41502456815764144,41.50245681576415,0.0
gpt2-small,mean_diff,0,sst,sst-8851,sst-8433,0,1,1.795013427734375,1.9456253051757812,1.8470687866210938,-1.795013427734375,-1.9456253051757812,-1.8470687866210938,0.6543741451800821,65.43741451800821,0.0
gpt2-small,mean_diff,0,sst,sst-196,sst-8315,1,0,1.586761474609375,1.1564254760742188,1.3991546630859375,1.586761474609375,1.1564254760742188,1.3991546630859375,0.564045740625831,56.4045740625831,0.0
gpt2-small,mean_diff,0,sst,sst-8315,sst-196,0,1,1.1564254760742188,1.586761474609375,1.1708526611328125,-1.1564254760742188,-1.586761474609375,-1.1708526611328125,0.9664746033153089,96.6474603315309,0.0
gpt2-small,mean_diff,0,sst,sst-847,sst-8154,1,0,2.1720657348632812,1.0389480590820312,1.8312454223632812,2.1720657348632812,1.0389480590820312,1.8312454223632812,0.6992189604093725,69.92189604093724,0.0
gpt2-small,mean_diff,0,sst,sst-8154,sst-847,0,1,1.0389480590820312,2.1720657348632812,2.1330642700195312,-1.0389480590820312,-2.1720657348632812,-2.1330642700195312,0.03441960678696472,3.441960678696472,0.0
gpt2-small,mean_diff,0,sst,sst-1005,sst-7912,1,0,1.713134765625,0.8290481567382812,0.8733901977539062,1.713134765625,0.8290481567382812,0.8733901977539062,0.050155765928252743,5.0155765928252745,0.0
gpt2-small,mean_diff,0,sst,sst-7912,sst-1005,0,1,0.8290481567382812,1.713134765625,1.6883544921875,-0.8290481567382812,-1.713134765625,-1.6883544921875,0.02802923739417841,2.802923739417841,0.0
gpt2-small,mean_diff,0,sst,sst-208,sst-8717,1,0,2.0929183959960938,1.2802886962890625,1.2860260009765625,2.0929183959960938,1.2802886962890625,1.2860260009765625,0.007060171058931773,0.7060171058931773,0.0
gpt2-small,mean_diff,0,sst,sst-8717,sst-208,0,1,1.2802886962890625,2.0929183959960938,2.0865402221679688,-1.2802886962890625,-2.0929183959960938,-2.0865402221679688,0.007848807187855003,0.7848807187855004,0.0
gpt2-small,mean_diff,0,sst,sst-177,sst-8666,1,0,1.7796173095703125,1.3465042114257812,1.4460678100585938,1.7796173095703125,1.3465042114257812,1.4460678100585938,0.22987898324789938,22.98789832478994,0.0
gpt2-small,mean_diff,0,sst,sst-8666,sst-177,0,1,1.3465042114257812,1.7796173095703125,1.68817138671875,-1.3465042114257812,-1.7796173095703125,-1.68817138671875,0.21113635963289823,21.113635963289823,0.0
gpt2-small,mean_diff,0,sst,sst-390,sst-8825,1,0,1.8024368286132812,1.5137481689453125,1.6794967651367188,1.8024368286132812,1.5137481689453125,1.6794967651367188,0.5741430798911177,57.41430798911176,0.0
gpt2-small,mean_diff,0,sst,sst-8825,sst-390,0,1,1.5137481689453125,1.8024368286132812,1.5804519653320312,-1.5137481689453125,-1.8024368286132812,-1.5804519653320312,0.768942096778456,76.89420967784561,0.0
gpt2-small,mean_diff,0,sst,sst-941,sst-8241,1,0,1.7656784057617188,0.5604095458984375,1.7364120483398438,1.7656784057617188,0.5604095458984375,1.7364120483398438,0.9757179842635321,97.5717984263532,0.0
gpt2-small,mean_diff,0,sst,sst-8241,sst-941,0,1,0.5604095458984375,1.7656784057617188,1.5933609008789062,-0.5604095458984375,-1.7656784057617188,-1.5933609008789062,0.14297017920330174,14.297017920330175,0.0
gpt2-small,mean_diff,0,sst,sst-322,sst-8751,1,0,1.6473007202148438,1.5115890502929688,1.6578445434570312,1.6473007202148438,1.5115890502929688,1.6578445434570312,1.0776928266246908,107.76928266246908,0.0
gpt2-small,mean_diff,0,sst,sst-8751,sst-322,0,1,1.5115890502929688,1.6473007202148438,1.4783172607421875,-1.5115890502929688,-1.6473007202148438,-1.4783172607421875,1.2451652799640207,124.51652799640208,0.0
gpt2-small,mean_diff,0,sst,sst-1048,sst-9008,1,0,1.8121871948242188,1.6947784423828125,1.87646484375,1.8121871948242188,1.6947784423828125,1.87646484375,1.5474689713431673,154.74689713431673,0.0
gpt2-small,mean_diff,0,sst,sst-9008,sst-1048,0,1,1.6947784423828125,1.8121871948242188,1.6557998657226562,-1.6947784423828125,-1.8121871948242188,-1.6557998657226562,1.3319903827409187,133.1990382740919,0.0
gpt2-small,mean_diff,0,sst,sst-19,sst-8164,1,0,2.118499755859375,1.3140640258789062,1.6559371948242188,2.118499755859375,1.3140640258789062,1.6559371948242188,0.42498506245317197,42.498506245317195,0.0
gpt2-small,mean_diff,0,sst,sst-8164,sst-19,0,1,1.3140640258789062,2.118499755859375,2.0442123413085938,-1.3140640258789062,-2.118499755859375,-2.0442123413085938,0.09234723394569372,9.234723394569372,0.0
gpt2-small,mean_diff,0,sst,sst-3,sst-8592,1,0,0.8612594604492188,1.0940093994140625,1.0808029174804688,0.8612594604492188,1.0940093994140625,1.0808029174804688,0.05674107581866457,5.674107581866457,0.0
gpt2-small,mean_diff,0,sst,sst-8592,sst-3,0,1,1.0940093994140625,0.8612594604492188,0.8989639282226562,-1.0940093994140625,-0.8612594604492188,-0.8989639282226562,0.16199560756547676,16.199560756547676,0.0
gpt2-small,mean_diff,0,sst,sst-306,sst-8712,1,0,1.7240371704101562,1.0238800048828125,1.28094482421875,1.7240371704101562,1.0238800048828125,1.28094482421875,0.3671530221965545,36.71530221965545,0.0
gpt2-small,mean_diff,0,sst,sst-8712,sst-306,0,1,1.0238800048828125,1.7240371704101562,1.6841278076171875,-1.0238800048828125,-1.7240371704101562,-1.6841278076171875,0.05700057752449031,5.70005775244903,0.0
gpt2-small,mean_diff,0,sst,sst-8359,sst-8347,1,0,1.5035247802734375,1.6829452514648438,1.8488693237304688,1.5035247802734375,1.6829452514648438,1.8488693237304688,-0.9247778203002084,-92.47778203002083,0.0
gpt2-small,mean_diff,0,sst,sst-8347,sst-8359,0,1,1.6829452514648438,1.5035247802734375,1.5288238525390625,-1.6829452514648438,-1.5035247802734375,-1.5288238525390625,0.14100437981034997,14.100437981034997,0.0
gpt2-small,mean_diff,0,sst,sst-350,sst-8215,1,0,1.7167739868164062,1.0823287963867188,1.399505615234375,1.7167739868164062,1.0823287963867188,1.399505615234375,0.4999278481925972,49.992784819259725,0.0
gpt2-small,mean_diff,0,sst,sst-8215,sst-350,0,1,1.0823287963867188,1.7167739868164062,1.732025146484375,-1.0823287963867188,-1.7167739868164062,-1.732025146484375,-0.024038577166358016,-2.4038577166358017,0.0
gpt2-small,mean_diff,0,sst,sst-396,sst-8473,1,0,1.9512863159179688,0.5482406616210938,0.9578781127929688,1.9512863159179688,0.5482406616210938,0.9578781127929688,0.291963023382273,29.196302338227298,0.0
gpt2-small,mean_diff,0,sst,sst-8473,sst-396,0,1,0.5482406616210938,1.9512863159179688,1.9589920043945312,-0.5482406616210938,-1.9512863159179688,-1.9589920043945312,-0.005492115280043502,-0.5492115280043501,0.0
gpt2-small,mean_diff,0,sst,sst-898,sst-8996,1,0,1.7054977416992188,1.507720947265625,1.5388259887695312,1.7054977416992188,1.507720947265625,1.5388259887695312,0.15727346371947692,15.727346371947691,0.0
gpt2-small,mean_diff,0,sst,sst-8996,sst-898,0,1,1.507720947265625,1.7054977416992188,1.7225875854492188,-1.507720947265625,-1.7054977416992188,-1.7225875854492188,-0.08640975195772094,-8.640975195772095,0.0
gpt2-small,mean_diff,0,sst,sst-633,sst-8564,1,0,1.7313919067382812,0.9088211059570312,1.2595138549804688,1.7313919067382812,0.9088211059570312,1.2595138549804688,0.4263374638272613,42.63374638272612,0.0
gpt2-small,mean_diff,0,sst,sst-8564,sst-633,0,1,0.9088211059570312,1.7313919067382812,1.7061080932617188,-0.9088211059570312,-1.7313919067382812,-1.7061080932617188,0.03073755286784893,3.073755286784893,0.0
gpt2-small,mean_diff,0,sst,sst-97,sst-8465,1,0,2.1150665283203125,0.726959228515625,1.3105926513671875,2.1150665283203125,0.726959228515625,1.3105926513671875,0.4204526717305515,42.04526717305515,0.0
gpt2-small,mean_diff,0,sst,sst-8465,sst-97,0,1,0.726959228515625,2.1150665283203125,2.0367813110351562,-0.726959228515625,-2.1150665283203125,-2.0367813110351562,0.056397093579272514,5.639709357927251,0.0
gpt2-small,mean_diff,0,sst,sst-982,sst-8856,1,0,0.4825439453125,1.17999267578125,1.3052978515625,0.4825439453125,1.17999267578125,1.3052978515625,-0.17966220355298854,-17.966220355298855,0.0
gpt2-small,mean_diff,0,sst,sst-8856,sst-982,0,1,1.17999267578125,0.4825439453125,0.5474853515625,-1.17999267578125,-0.4825439453125,-0.5474853515625,0.09311280301041393,9.311280301041393,0.0
gpt2-small,mean_diff,0,sst,sst-533,sst-8296,1,0,1.62689208984375,0.46022796630859375,0.472076416015625,1.62689208984375,0.46022796630859375,0.472076416015625,0.010155836172564202,1.01558361725642,0.0
gpt2-small,mean_diff,0,sst,sst-8296,sst-533,0,1,0.46022796630859375,1.62689208984375,1.5517959594726562,-0.46022796630859375,-1.62689208984375,-1.5517959594726562,0.06436825205830614,6.436825205830614,0.0
gpt2-small,mean_diff,0,sst,sst-890,sst-8508,1,0,1.8911666870117188,1.1428985595703125,1.3900222778320312,1.8911666870117188,1.1428985595703125,1.3900222778320312,0.3302609174424177,33.02609174424177,0.0
gpt2-small,mean_diff,0,sst,sst-8508,sst-890,0,1,1.1428985595703125,1.8911666870117188,1.7980728149414062,-1.1428985595703125,-1.8911666870117188,-1.7980728149414062,0.12441245144121456,12.441245144121456,0.0
gpt2-small,mean_diff,0,sst,sst-811,sst-8288,1,0,1.4313735961914062,0.8970870971679688,0.9819107055664062,1.4313735961914062,0.8970870971679688,0.9819107055664062,0.1587605312009139,15.87605312009139,0.0
gpt2-small,mean_diff,0,sst,sst-8288,sst-811,0,1,0.8970870971679688,1.4313735961914062,1.437713623046875,-0.8970870971679688,-1.4313735961914062,-1.437713623046875,-0.011866342995858918,-1.1866342995858918,0.0
gpt2-small,mean_diff,0,sst,sst-755,sst-8513,1,0,2.0623779296875,0.649383544921875,1.3394546508789062,2.0623779296875,0.649383544921875,1.3394546508789062,0.48837498110192007,48.837498110192,0.0
gpt2-small,mean_diff,0,sst,sst-8513,sst-755,0,1,0.649383544921875,2.0623779296875,1.8889007568359375,-0.649383544921875,-2.0623779296875,-1.8889007568359375,0.12277272629100883,12.277272629100883,0.0
gpt2-small,mean_diff,0,sst,sst-922,sst-8206,1,0,1.3258285522460938,0.696990966796875,1.3345260620117188,1.3258285522460938,0.696990966796875,1.3345260620117188,1.0138310908362957,101.38310908362956,0.0
gpt2-small,mean_diff,0,sst,sst-8206,sst-922,0,1,0.696990966796875,1.3258285522460938,1.0950698852539062,-0.696990966796875,-1.3258285522460938,-1.0950698852539062,0.3669606784514031,36.69606784514031,0.0
gpt2-small,mean_diff,0,sst,sst-737,sst-8169,1,0,0.8151473999023438,1.522918701171875,1.5134124755859375,0.8151473999023438,1.522918701171875,1.5134124755859375,0.0134312108570751,1.34312108570751,0.0
gpt2-small,mean_diff,0,sst,sst-8169,sst-737,0,1,1.522918701171875,0.8151473999023438,0.9506912231445312,-1.522918701171875,-0.8151473999023438,-0.9506912231445312,0.1915079390744753,19.150793907447532,0.0
gpt2-small,mean_diff,0,sst,sst-8312,sst-8297,1,0,1.2116165161132812,0.655609130859375,0.7744903564453125,1.2116165161132812,0.655609130859375,0.7744903564453125,0.21381231389876093,21.381231389876092,0.0
gpt2-small,mean_diff,0,sst,sst-8297,sst-8312,0,1,0.655609130859375,1.2116165161132812,1.2097244262695312,-0.655609130859375,-1.2116165161132812,-1.2097244262695312,0.0034029940859256007,0.3402994085925601,0.0
gpt2-small,mean_diff,0,sst,sst-712,sst-8273,1,0,1.8034210205078125,1.1449356079101562,1.3619003295898438,1.8034210205078125,1.1449356079101562,1.3619003295898438,0.3294905513909326,32.94905513909326,0.0
gpt2-small,mean_diff,0,sst,sst-8273,sst-712,0,1,1.1449356079101562,1.8034210205078125,1.7058944702148438,-1.1449356079101562,-1.8034210205078125,-1.7058944702148438,0.14810738161721257,14.810738161721257,0.0
gpt2-small,mean_diff,0,sst,sst-8013,sst-8318,1,0,1.8374404907226562,1.3860015869140625,1.5892181396484375,1.8374404907226562,1.3860015869140625,1.5892181396484375,0.4501529465447601,45.01529465447601,0.0
gpt2-small,mean_diff,0,sst,sst-8318,sst-8013,0,1,1.3860015869140625,1.8374404907226562,1.7802658081054688,-1.3860015869140625,-1.8374404907226562,-1.7802658081054688,0.12664987916377957,12.664987916377955,0.0
gpt2-small,mean_diff,0,sst,sst-8644,sst-8707,1,0,0.6392898559570312,1.5494384765625,1.4863510131835938,0.6392898559570312,1.5494384765625,1.4863510131835938,0.06931556226162035,6.931556226162035,0.0
gpt2-small,mean_diff,0,sst,sst-8707,sst-8644,0,1,1.5494384765625,0.6392898559570312,0.8064651489257812,-1.5494384765625,-0.6392898559570312,-0.8064651489257812,0.18367911479944676,18.367911479944674,0.0
gpt2-small,mean_diff,0,sst,sst-21,sst-8436,1,0,2.2487716674804688,0.5352401733398438,0.8696212768554688,2.2487716674804688,0.5352401733398438,0.8696212768554688,0.19514149851288537,19.514149851288536,0.0
gpt2-small,mean_diff,0,sst,sst-8436,sst-21,0,1,0.5352401733398438,2.2487716674804688,2.0206680297851562,-0.5352401733398438,-2.2487716674804688,-2.0206680297851562,0.1331190226005806,13.31190226005806,0.0
gpt2-small,kmeans,0,toy_test,toy-test-pos-000,toy-test-neg-000,1,0,1.97271728515625,0.4060928523540497,1.59019935131073,1.97271728515625,0.4060928523540497,1.59019935131073,0.7558330344935862,75.58330344935861,0.0
gpt2-small,kmeans,0,toy_test,toy-test-neg-000,toy-test-pos-001,0,1,0.4060928523540497,2.5448319911956787,2.006578207015991,-0.4060928523540497,-2.5448319911956787,-2.006578207015991,0.25166873996200084,25.16687399620008,0.0
gpt2-small,kmeans,0,toy_test,toy-test-pos-001,toy-test-neg-001,1,0,2.5448319911956787,-2.2181899547576904,1.2280091047286987,2.5448319911956787,-2.2181899547576904,1.2280091047286987,0.7235320556131924,72.35320556131924,1.0
gpt2-small,kmeans,0,toy_test,toy-test-neg-001,toy-test-pos-002,0,1,-2.2181899547576904,2.7425949573516846,2.0887038707733154,2.2181899547576904,-2.7425949573516846,-2.0887038707733154,0.1318120213158623,13.181202131586232,0.0
gpt2-small,kmeans,0,toy_test,toy-test-pos-002,toy-test-neg-002,1,0,2.7425949573516846,-0.5889434814453125,1.1375397443771362,2.7425949573516846,-0.5889434814453125,1.1375397443771362,0.5182240149826618,51.82240149826618,1.0
gpt2-small,kmeans,0,toy_test,toy-test-neg-002,toy-test-pos-003,0,1,-0.5889434814453125,2.9197938442230225,0.582073986530304,0.5889434814453125,-2.9197938442230225,-0.582073986530304,0.6662567301892386,66.62567301892386,0.0
gpt2-small,kmeans,0,toy_test,toy-test-pos-003,toy-test-neg-003,1,0,2.9197938442230225,-0.9988144040107727,1.6205352544784546,2.9197938442230225,-0.9988144040107727,1.6205352544784546,0.6684387651329594,66.84387651329594,1.0
gpt2-small,kmeans,0,toy_test,toy-test-neg-003,toy-test-pos-004,0,1,-0.9988144040107727,2.673222303390503,0.42534637451171875,0.9988144040107727,-2.673222303390503,-0.42534637451171875,0.6121605277932041,61.21605277932041,0.0
gpt2-small,kmeans,0,toy_test,toy-test-pos-004,toy-test-neg-004,1,0,2.673222303390503,-0.011453247629106045,0.9882659912109375,2.673222303390503,-0.011453247629106045,0.9882659912109375,0.37237990954264905,37.23799095426491,1.0
gpt2-small,kmeans,0,toy_test,toy-test-neg-004,toy-test-pos-005,0,1,-0.011453247629106045,3.28045654296875,2.999311923980713,0.011453247629106045,-3.28045654296875,-2.999311923980713,0.08540471546061941,8.54047154606194,0.0
gpt2-small,kmeans,0,toy_test,toy-test-pos-005,toy-test-neg-005,1,0,3.28045654296875,-0.8335129022598267,0.3979339599609375,3.28045654296875,-0.8335129022598267,0.3979339599609375,0.29933301124756984,29.933301124756984,1.0
gpt2-small,kmeans,0,toy_test,toy-test-neg-005,toy-test-pos-006,0,1,-0.8335129022598267,1.9624115228652954,1.5802429914474487,0.8335129022598267,-1.9624115228652954,-1.5802429914474487,0.1366877187321485,13.66877187321485,0.0
gpt2-small,kmeans,0,toy_test,toy-test-pos-006,toy-test-neg-006,1,0,1.9624115228652954,-0.3979553282260895,1.345698595046997,1.9624115228652954,-0.3979553282260895,1.345698595046997,0.7387215773119576,73.87215773119577,1.0
gpt2-small,kmeans,0,toy_test,toy-test-neg-006,toy-test-pos-007,0,1,-0.3979553282260895,2.7889938354492188,0.12746277451515198,0.3979553282260895,-2.7889938354492188,-0.12746277451515198,0.8351344575150644,83.51344575150644,0.0
gpt2-small,kmeans,0,toy_test,toy-test-pos-007,toy-test-neg-007,1,0,2.7889938354492188,0.4975341856479645,2.2817139625549316,2.7889938354492188,0.4975341856479645,2.2817139625549316,0.7786215118654675,77.86215118654674,0.0
gpt2-small,kmeans,0,toy_test,toy-test-neg-007,toy-test-pos-008,0,1,0.4975341856479645,2.350268602371216,1.4366928339004517,-0.4975341856479645,-2.350268602371216,-1.4366928339004517,0.4930959128435232,49.30959128435232,0.0
gpt2-small,kmeans,0,toy_test,toy-test-pos-008,toy-test-neg-008,1,0,2.3502578735351562,0.2668564021587372,2.368905782699585,2.3502578735351562,0.2668564021587372,2.368905782699585,1.0089507036548788,100.89507036548788,0.0
gpt2-small,kmeans,0,toy_test,toy-test-neg-008,toy-test-pos-009,0,1,0.2668564021587372,2.8138046264648438,1.467095971107483,-0.2668564021587372,-2.8138046264648438,-1.467095971107483,0.5287538405788597,52.87538405788597,0.0
gpt2-small,kmeans,0,toy_test,toy-test-pos-009,toy-test-neg-009,1,0,2.8138046264648438,-0.6639175415039062,0.38745424151420593,2.8138046264648438,-0.6639175415039062,0.38745424151420593,0.30231620935728515,30.231620935728515,1.0
gpt2-small,kmeans,0,toy_test,toy-test-neg-009,toy-test-pos-010,0,1,-0.6639175415039062,2.810642957687378,1.7122329473495483,0.6639175415039062,-2.810642957687378,-1.7122329473495483,0.3161291940645409,31.61291940645409,0.0
gpt2-small,kmeans,0,toy_test,toy-test-pos-010,toy-test-neg-010,1,0,2.810642957687378,0.4801620543003082,1.560943603515625,2.810642957687378,0.4801620543003082,1.560943603515625,0.4637590240042442,46.37590240042442,0.0
gpt2-small,kmeans,0,toy_test,toy-test-neg-010,toy-test-pos-011,0,1,0.4801620543003082,2.436711072921753,2.1142959594726562,-0.4801620543003082,-2.436711072921753,-2.1142959594726562,0.1647876492643489,16.47876492643489,0.0
gpt2-small,kmeans,0,toy_test,toy-test-pos-011,toy-test-neg-011,1,0,2.436711072921753,-1.6372283697128296,1.0123001337051392,2.436711072921753,-1.6372283697128296,1.0123001337051392,0.6503603062161721,65.03603062161721,1.0
gpt2-small,kmeans,0,toy_test,toy-test-neg-011,toy-test-pos-012,0,1,-1.6372283697128296,2.8364975452423096,0.08181152492761612,1.6372283697128296,-2.8364975452423096,-0.08181152492761612,0.6157476056157357,61.57476056157357,0.0
gpt2-small,kmeans,0,toy_test,toy-test-pos-012,toy-test-neg-012,1,0,2.8364975452423096,-0.31898194551467896,1.763738989830017,2.8364975452423096,-0.31898194551467896,1.763738989830017,0.6600331079461583,66.00331079461583,1.0
gpt2-small,kmeans,0,toy_test,toy-test-neg-012,toy-test-pos-013,0,1,-0.31898194551467896,2.4389495849609375,1.6598663330078125,0.31898194551467896,-2.4389495849609375,-1.6598663330078125,0.28248825010487805,28.248825010487803,0.0
gpt2-small,kmeans,0,toy_test,toy-test-pos-013,toy-test-neg-013,1,0,2.4389495849609375,-2.543194532394409,-0.5362152457237244,2.4389495849609375,-2.543194532394409,-0.5362152457237244,0.40283445026797865,40.283445026797864,0.0
gpt2-small,kmeans,0,toy_test,toy-test-neg-013,toy-test-pos-000,0,1,-2.543194532394409,1.9727188348770142,-0.9183014035224915,2.543194532394409,-1.9727188348770142,0.9183014035224915,0.6401850530065194,64.01850530065194,1.0
gpt2-small,kmeans,0,sst,sst-8968,sst-8874,1,0,1.3750152587890625,1.544281005859375,1.9394912719726562,1.3750152587890625,1.544281005859375,1.9394912719726562,-2.334850806815109,-233.48508068151085,0.0
gpt2-small,kmeans,0,sst,sst-8874,sst-8968,0,1,1.544281005859375,1.3750152587890625,1.259552001953125,-1.544281005859375,-1.3750152587890625,-1.259552001953125,-0.6821418912827909,-68.21418912827909,0.0
gpt2-small,kmeans,0,sst,sst-8433,sst-8851,1,0,1.9456253051757812,1.795013427734375,1.8575210571289062,1.9456253051757812,1.795013427734375,1.8575210571289062,0.41502456815764144,41.50245681576415,0.0
gpt2-small,kmeans,0,sst,sst-8851,sst-8433,0,1,1.795013427734375,1.9456253051757812,1.8470687866210938,-1.795013427734375,-1.9456253051757812,-1.8470687866210938,0.6543741451800821,65.43741451800821,0.0
gpt2-small,kmeans,0,sst,sst-196,sst-8315,1,0,1.586761474609375,1.1564254760742188,1.3991546630859375,1.586761474609375,1.1564254760742188,1.3991546630859375,0.564045740625831,56.4045740625831,0.0
gpt2-small,kmeans,0,sst,sst-8315,sst-196,0,1,1.1564254760742188,1.586761474609375,1.1708526611328125,-1.1564254760742188,-1.586761474609375,-1.1708526611328125,0.9664746033153089,96.6474603315309,0.0
gpt2-small,kmeans,0,sst,sst-847,sst-8154,1,0,2.1720657348632812,1.0389480590820312,1.8312454223632812,2.1720657348632812,1.0389480590820312,1.8312454223632812,0.6992189604093725,69.92189604093724,0.0
gpt2-small,kmeans,0,sst,sst-8154,sst-847,0,1,1.0389480590820312,2.1720657348632812,2.1330642700195312,-1.0389480590820312,-2.1720657348632812,-2.1330642700195312,0.03441960678696472,3.441960678696472,0.0
gpt2-small,kmeans,0,sst,sst-1005,sst-7912,1,0,1.713134765625,0.8290481567382812,0.8733901977539062,1.713134765625,0.8290481567382812,0.8733901977539062,0.050155765928252743,5.0155765928252745,0.0
gpt2-small,kmeans,0,sst,sst-7912,sst-1005,0,1,0.8290481567382812,1.713134765625,1.6883544921875,-0.8290481567382812,-1.713134765625,-1.6883544921875,0.02802923739417841,2.802923739417841,0.0
gpt2-small,kmeans,0,sst,sst-208,sst-8717,1,0,2.0929183959960938,1.2802886962890625,1.2860260009765625,2.0929183959960938,1.2802886962890625,1.2860260009765625,0.007060171058931773,0.7060171058931773,0.0
gpt2-small,kmeans,0,sst,sst-8717,sst-208,0,1,1.2802886962890625,2.0929183959960938,2.0865402221679688,-1.2802886962890625,-2.0929183959960938,-2.0865402221679688,0.007848807187855003,0.7848807187855004,0.0
gpt2-small,kmeans,0,sst,sst-177,sst-8666,1,0,1.7796173095703125,1.3465042114257812,1.4460678100585938,1.7796173095703125,1.3465042114257812,1.4460678100585938,0.22987898324789938,22.98789832478994,0.0
gpt2-small,kmeans,0,sst,sst-8666,sst-177,0,1,1.3465042114257812,1.7796173095703125,1.68817138671875,-1.3465042114257812,-1.7796173095703125,-1.68817138671875,0.21113635963289823,21.113635963289823,0.0
gpt2-small,kmeans,0,sst,sst-390,sst-8825,1,0,1.8024368286132812,1.5137481689453125,1.6794967651367188,1.8024368286132812,1.5137481689453125,1.6794967651367188,0.5741430798911177,57.41430798911176,0.0
gpt2-small,kmeans,0,sst,sst-8825,sst-390,0,1,1.5137481689453125,1.8024368286132812,1.5804519653320312,-1.5137481689453125,-1.8024368286132812,-1.5804519653320312,0.768942096778456,76.89420967784561,0.0
gpt2-small,kmeans,0,sst,sst-941,sst-8241,1,0,1.7656784057617188,0.5604095458984375,1.7364120483398438,1.7656784057617188,0.5604095458984375,1.7364120483398438,0.9757179842635321,97.5717984263532,0.0
gpt2-small,kmeans,0,sst,sst-8241,sst-941,0,1,0.5604095458984375,1.7656784057617188,1.5933609008789062,-0.5604095458984375,-1.7656784057617188,-1.5933609008789062,0.14297017920330174,14.297017920330175,0.0
gpt2-small,kmeans,0,sst,sst-322,sst-8751,1,0,1.6473007202148438,1.5115890502929688,1.6578445434570312,1.6473007202148438,1.5115890502929688,1.6578445434570312,1.0776928266246908,107.76928266246908,0.0
gpt2-small,kmeans,0,sst,sst-8751,sst-322,0,1,1.5115890502929688,1.6473007202148438,1.4783172607421875,-1.5115890502929688,-1.6473007202148438,-1.4783172607421875,1.2451652799640207,124.51652799640208,0.0
gpt2-small,kmeans,0,sst,sst-1048,sst-9008,1,0,1.8121871948242188,1.6947784423828125,1.87646484375,1.8121871948242188,1.6947784423828125,1.87646484375,1.5474689713431673,154.74689713431673,0.0
gpt2-small,kmeans,0,sst,sst-9008,sst-1048,0,1,1.6947784423828125,1.8121871948242188,1.6557998657226562,-1.6947784423828125,-1.8121871948242188,-1.6557998657226562,1.3319903827409187,133.1990382740919,0.0
gpt2-small,kmeans,0,sst,sst-19,sst-8164,1,0,2.118499755859375,1.3140640258789062,1.6559371948242188,2.118499755859375,1.3140640258789062,1.6559371948242188,0.42498506245317197,42.498506245317195,0.0
gpt2-small,kmeans,0,sst,sst-8164,sst-19,0,1,1.3140640258789062,2.118499755859375,2.0442123413085938,-1.3140640258789062,-2.118499755859375,-2.0442123413085938,0.09234723394569372,9.234723394569372,0.0
gpt2-small,kmeans,0,sst,sst-3,sst-8592,1,0,0.8612594604492188,1.0940093994140625,1.0808029174804688,0.8612594604492188,1.0940093994140625,1.0808029174804688,0.05674107581866457,5.674107581866457,0.0
gpt2-small,kmeans,0,sst,sst-8592,sst-3,0,1,1.0940093994140625,0.8612594604492188,0.8989639282226562,-1.0940093994140625,-0.8612594604492188,-0.8989639282226562,0.16199560756547676,16.199560756547676,0.0
gpt2-small,kmeans,0,sst,sst-306,sst-8712,1,0,1.7240371704101562,1.0238800048828125,1.28094482421875,1.7240371704101562,1.0238800048828125,1.28094482421875,0.3671530221965545,36.71530221965545,0.0
gpt2-small,kmeans,0,sst,sst-8712,sst-306,0,1,1.0238800048828125,1.7240371704101562,1.6841278076171875,-1.0238800048828125,-1.7240371704101562,-1.6841278076171875,0.05700057752449031,5.70005775244903,0.0
gpt2-small,kmeans,0,sst,sst-8359,sst-8347,1,0,1.5035247802734375,1.6829452514648438,1.8488693237304688,1.5035247802734375,1.6829452514648438,1.8488693237304688,-0.9247778203002084,-92.47778203002083,0.0
gpt2-small,kmeans,0,sst,sst-8347,sst-8359,0,1,1.6829452514648438,1.5035247802734375,1.5288238525390625,-1.6829452514648438,-1.5035247802734375,-1.5288238525390625,0.14100437981034997,14.100437981034997,0.0
gpt2-small,kmeans,0,sst,sst-350,sst-8215,1,0,1.7167739868164062,1.0823287963867188,1.399505615234375,1.7167739868164062,1.0823287963867188,1.399505615234375,0.4999278481925972,49.992784819259725,0.0
gpt2-small,kmeans,0,sst,sst-8215,sst-350,0,1,1.0823287963867188,1.7167739868164062,1.732025146484375,-1.0823287963867188,-1.7167739868164062,-1.732025146484375,-0.024038577166358016,-2.4038577166358017,0.0
gpt2-small,kmeans,0,sst,sst-396,sst-8473,1,0,1.9512863159179688,0.5482406616210938,0.9578781127929688,1.9512863159179688,0.5482406616210938,0.9578781127929688,0.291963023382273,29.196302338227298,0.0
gpt2-small,kmeans,0,sst,sst-8473,sst-396,0,1,0.5482406616210938,1.9512863159179688,1.9589920043945312,-0.5482406616210938,-1.9512863159179688,-1.9589920043945312,-0.005492115280043502,-0.5492115280043501,0.0
gpt2-small,kmeans,0,sst,sst-898,sst-8996,1,0,1.7054977416992188,1.507720947265625,1.5388259887695312,1.7054977416992188,1.507720947265625,1.5388259887695312,0.15727346371947692,15.727346371947691,0.0
gpt2-small,kmeans,0,sst,sst-8996,sst-898,0,1,1.507720947265625,1.7054977416992188,1.7225875854492188,-1.507720947265625,-1.7054977416992188,-1.7225875854492188,-0.08640975195772094,-8.640975195772095,0.0
gpt2-small,kmeans,0,sst,sst-633,sst-8564,1,0,1.7313919067382812,0.9088211059570312,1.2595138549804688,1.7313919067382812,0.9088211059570312,1.2595138549804688,0.4263374638272613,42.63374638272612,0.0
gpt2-small,kmeans,0,sst,sst-8564,sst-633,0,1,0.9088211059570312,1.7313919067382812,1.7061080932617188,-0.9088211059570312,-1.7313919067382812,-1.7061080932617188,0.03073755286784893,3.073755286784893,0.0
gpt2-small,kmeans,0,sst,sst-97,sst-8465,1,0,2.1150665283203125,0.726959228515625,1.3105926513671875,2.1150665283203125,0.726959228515625,1.3105926513671875,0.4204526717305515,42.04526717305515,0.0
gpt2-small,kmeans,0,sst,sst-8465,sst-97,0,1,0.726959228515625,2.1150665283203125,2.0367813110351562,-0.726959228515625,-2.1150665283203125,-2.0367813110351562,0.056397093579272514,5.639709357927251,0.0
gpt2-small,kmeans,0,sst,sst-982,sst-8856,1,0,0.4825439453125,1.17999267578125,1.3052978515625,0.4825439453125,1.17999267578125,1.3052978515625,-0.17966220355298854,-17.966220355298855,0.0
gpt2-small,kmeans,0,sst,sst-8856,sst-982,0,1,1.17999267578125,0.4825439453125,0.5474853515625,-1.17999267578125,-0.4825439453125,-0.5474853515625,0.09311280301041393,9.311280301041393,0.0
gpt2-small,kmeans,0,sst,sst-533,sst-8296,1,0,1.62689208984375,0.46022796630859375,0.472076416015625,1.62689208984375,0.46022796630859375,0.472076416015625,0.010155836172564202,1.01558361725642,0.0
gpt2-small,kmeans,0,sst,sst-8296,sst-533,0,1,0.46022796630859375,1.62689208984375,1.5517959594726562,-0.46022796630859375,-1.62689208984375,-1.5517959594726562,0.06436825205830614,6.436825205830614,0.0
gpt2-small,kmeans,0,sst,sst-890,sst-8508,1,0,1.8911666870117188,1.1428985595703125,1.3900222778320312,1.8911666870117188,1.1428985595703125,1.3900222778320312,0.3302609174424177,33.02609174424177,0.0
gpt2-small,kmeans,0,sst,sst-8508,sst-890,0,1,1.1428985595703125,1.8911666870117188,1.7980728149414062,-1.1428985595703125,-1.8911666870117188,-1.7980728149414062,0.12441245144121456,12.441245144121456,0.0
gpt2-small,kmeans,0,sst,sst-811,sst-8288,1,0,1.4313735961914062,0.8970870971679688,0.9819107055664062,1.4313735961914062,0.8970870971679688,0.9819107055664062,0.1587605312009139,15.87605312009139,0.0
gpt2-small,kmeans,0,sst,sst-8288,sst-811,0,1,0.8970870971679688,1.4313735961914062,1.437713623046875,-0.8970870971679688,-1.4313735961914062,-1.437713623046875,-0.011866342995858918,-1.1866342995858918,0.0
gpt2-small,kmeans,0,sst,sst-755,sst-8513,1,0,2.0623779296875,0.649383544921875,1.3394546508789062,2.0623779296875,0.649383544921875,1.3394546508789062,0.48837498110192007,48.837498110192,0.0
gpt2-small,kmeans,0,sst,sst-8513,sst-755,0,1,0.649383544921875,2.0623779296875,1.8889007568359375,-0.649383544921875,-2.0623779296875,-1.8889007568359375,0.12277272629100883,12.277272629100883,0.0
gpt2-small,kmeans,0,sst,sst-922,sst-8206,1,0,1.3258285522460938,0.696990966796875,1.3345260620117188,1.3258285522460938,0.696990966796875,1.3345260620117188,1.0138310908362957,101.38310908362956,0.0
gpt2-small,kmeans,0,sst,sst-8206,sst-922,0,1,0.696990966796875,1.3258285522460938,1.0950698852539062,-0.696990966796875,-1.3258285522460938,-1.0950698852539062,0.3669606784514031,36.69606784514031,0.0
gpt2-small,kmeans,0,sst,sst-737,sst-8169,1,0,0.8151473999023438,1.522918701171875,1.5134124755859375,0.8151473999023438,1.522918701171875,1.5134124755859375,0.0134312108570751,1.34312108570751,0.0
gpt2-small,kmeans,0,sst,sst-8169,sst-737,0,1,1.522918701171875,0.8151473999023438,0.9506912231445312,-1.522918701171875,-0.8151473999023438,-0.9506912231445312,0.1915079390744753,19.150793907447532,0.0
gpt2-small,kmeans,0,sst,sst-8312,sst-8297,1,0,1.2116165161132812,0.655609130859375,0.7744903564453125,1.2116165161132812,0.655609130859375,0.7744903564453125,0.21381231389876093,21.381231389876092,0.0
gpt2-small,kmeans,0,sst,sst-8297,sst-8312,0,1,0.655609130859375,1.2116165161132812,1.2097244262695312,-0.655609130859375,-1.2116165161132812,-1.2097244262695312,0.0034029940859256007,0.3402994085925601,0.0
gpt2-small,kmeans,0,sst,sst-712,sst-8273,1,0,1.8034210205078125,1.1449356079101562,1.3619003295898438,1.8034210205078125,1.1449356079101562,1.3619003295898438,0.3294905513909326,32.94905513909326,0.0
gpt2-small,kmeans,0,sst,sst-8273,sst-712,0,1,1.1449356079101562,1.8034210205078125,1.7058944702148438,-1.1449356079101562,-1.8034210205078125,-1.7058944702148438,0.14810738161721257,14.810738161721257,0.0
gpt2-small,kmeans,0,sst,sst-8013,sst-8318,1,0,1.8374404907226562,1.3860015869140625,1.5892181396484375,1.8374404907226562,1.3860015869140625,1.5892181396484375,0.4501529465447601,45.01529465447601,0.0
gpt2-small,kmeans,0,sst,sst-8318,sst-8013,0,1,1.3860015869140625,1.8374404907226562,1.7802658081054688,-1.3860015869140625,-1.8374404907226562,-1.7802658081054688,0.12664987916377957,12.664987916377955,0.0
gpt2-small,kmeans,0,sst,sst-8644,sst-8707,1,0,0.6392898559570312,1.5494384765625,1.4863510131835938,0.6392898559570312,1.5494384765625,1.4863510131835938,0.06931556226162035,6.931556226162035,0.0
gpt2-small,kmeans,0,sst,sst-8707,sst-8644,0,1,1.5494384765625,0.6392898559570312,0.8064651489257812,-1.5494384765625,-0.6392898559570312,-0.8064651489257812,0.18367911479944676,18.367911479944674,0.0
gpt2-small,kmeans,0,sst,sst-21,sst-8436,1,0,2.2487716674804688,0.5352401733398438,0.8696212768554688,2.2487716674804688,0.5352401733398438,0.8696212768554688,0.19514149851288537,19.514149851288536,0.0
gpt2-small,kmeans,0,sst,sst-8436,sst-21,0,1,0.5352401733398438,2.2487716674804688,2.0206680297851562,-0.5352401733398438,-2.2487716674804688,-2.0206680297851562,0.1331190226005806,13.31190226005806,0.0
gpt2-small,logistic_regression,0,toy_test,toy-test-pos-000,toy-test-neg-000,1,0,1.97271728515625,0.4060928523540497,1.5414291620254517,1.97271728515625,0.4060928523540497,1.5414291620254517,0.7247022872231356,72.47022872231355,0.0
gpt2-small,logistic_regression,0,toy_test,toy-test-neg-000,toy-test-pos-001,0,1,0.4060928523540497,2.5448319911956787,2.0290298461914062,-0.4060928523540497,-2.5448319911956787,-2.0290298461914062,0.24117113472923962,24.117113472923965,0.0
gpt2-small,logistic_regression,0,toy_test,toy-test-pos-001,toy-test-neg-001,1,0,2.5448319911956787,-2.2181899547576904,1.1204071044921875,2.5448319911956787,-2.2181899547576904,1.1204071044921875,0.7009409356356897,70.09409356356896,1.0
gpt2-small,logistic_regression,0,toy_test,toy-test-neg-001,toy-test-pos-002,0,1,-2.2181899547576904,2.7425949573516846,1.9813950061798096,2.2181899547576904,-2.7425949573516846,-1.9813950061798096,0.15344344990926148,15.344344990926148,0.0
gpt2-small,logistic_regression,0,toy_test,toy-test-pos-002,toy-test-neg-002,1,0,2.7425949573516846,-0.5889434814453125,1.1470367908477783,2.7425949573516846,-0.5889434814453125,1.1470367908477783,0.5210746639081089,52.107466390810885,1.0
gpt2-small,logistic_regression,0,toy_test,toy-test-neg-002,toy-test-pos-003,0,1,-0.5889434814453125,2.9197938442230225,0.5883453488349915,0.5889434814453125,-2.9197938442230225,-0.5883453488349915,0.6644693743051692,66.44693743051691,0.0
gpt2-small,logistic_regression,0,toy_test,toy-test-pos-003,toy-test-neg-003,1,0,2.9197938442230225,-0.9988144040107727,1.5089019536972046,2.9197938442230225,-0.9988144040107727,1.5089019536972046,0.6399507679386581,63.99507679386582,1.0
gpt2-small,logistic_regression,0,toy_test,toy-test-neg-003,toy-test-pos-004,0,1,-0.9988144040107727,2.673222303390503,0.4802871644496918,0.9988144040107727,-2.673222303390503,-0.4802871644496918,0.5971985885981966,59.71985885981967,0.0
gpt2-small,logistic_regression,0,toy_test,toy-test-pos-004,toy-test-neg-004,1,0,2.673222303390503,-0.011453247629106045,0.9806411862373352,2.673222303390503,-0.011453247629106045,0.9806411862373352,0.3695397879604689,36.95397879604689,1.0
gpt2-small,logistic_regression,0,toy_test,toy-test-neg-004,toy-test-pos-005,0,1,-0.011453247629106045,3.28045654296875,3.0276458263397217,0.011453247629106045,-3.28045654296875,-3.0276458263397217,0.07679758338186855,7.679758338186856,0.0
gpt2-small,logistic_regression,0,toy_test,toy-test-pos-005,toy-test-neg-005,1,0,3.28045654296875,-0.8335129022598267,0.3450912535190582,3.28045654296875,-0.8335129022598267,0.3450912535190582,0.28648831049191237,28.648831049191234,1.0
gpt2-small,logistic_regression,0,toy_test,toy-test-neg-005,toy-test-pos-006,0,1,-0.8335129022598267,1.9624115228652954,1.6044174432754517,0.8335129022598267,-1.9624115228652954,-1.6044174432754517,0.1280414006805005,12.80414006805005,0.0
gpt2-small,logistic_regression,0,toy_test,toy-test-pos-006,toy-test-neg-006,1,0,1.9624115228652954,-0.3979553282260895,1.2199004888534546,1.9624115228652954,-0.3979553282260895,1.2199004888534546,0.6854255796430462,68.54255796430462,1.0
gpt2-small,logistic_regression,0,toy_test,toy-test-neg-006,toy-test-pos-007,0,1,-0.3979553282260895,2.7889938354492188,0.33655548095703125,0.3979553282260895,-2.7889938354492188,-0.33655548095703125,0.7695254076986733,76.95254076986733,0.0
gpt2-small,logistic_regression,0,toy_test,toy-test-pos-007,toy-test-neg-007,1,0,2.7889938354492188,0.4975341856479645,2.2245469093322754,2.7889938354492188,0.4975341856479645,2.2245469093322754,0.7536736349837538,75.36736349837538,0.0
gpt2-small,logistic_regression,0,toy_test,toy-test-neg-007,toy-test-pos-008,0,1,0.4975341856479645,2.350268602371216,1.2044479846954346,-0.4975341856479645,-2.350268602371216,-1.2044479846954346,0.6184483902999336,61.844839029993366,0.0
gpt2-small,logistic_regression,0,toy_test,toy-test-pos-008,toy-test-neg-008,1,0,2.3502578735351562,0.2668564021587372,2.383453369140625,2.3502578735351562,0.2668564021587372,2.383453369140625,1.015933316771413,101.59333167714132,0.0
gpt2-small,logistic_regression,0,toy_test,toy-test-neg-008,toy-test-pos-009,0,1,0.2668564021587372,2.8138046264648438,1.538970947265625,-0.2668564021587372,-2.8138046264648438,-1.538970947265625,0.5005338023887532,50.05338023887533,0.0
gpt2-small,logistic_regression,0,toy_test,toy-test-pos-009,toy-test-neg-009,1,0,2.8138046264648438,-0.6639175415039062,0.47523805499076843,2.8138046264648438,-0.6639175415039062,0.47523805499076843,0.32755796509185403,32.7557965091854,1.0
gpt2-small,logistic_regression,0,toy_test,toy-test-neg-009,toy-test-pos-010,0,1,-0.6639175415039062,2.810642957687378,1.6128968000411987,0.6639175415039062,-2.810642957687378,-1.6128968000411987,0.3447187516018094,34.47187516018094,0.0
gpt2-small,logistic_regression,0,toy_test,toy-test-pos-010,toy-test-neg-010,1,0,2.810642957687378,0.4801620543003082,1.563665747642517,2.810642957687378,0.4801620543003082,1.563665747642517,0.46492708512113035,46.49270851211303,0.0
gpt2-small,logistic_regression,0,toy_test,toy-test-neg-010,toy-test-pos-011,0,1,0.4801620543003082,2.436711072921753,2.1242446899414062,-0.4801620543003082,-2.436711072921753,-2.1242446899414062,0.15970281347742865,15.970281347742866,0.0
gpt2-small,logistic_regression,0,toy_test,toy-test-pos-011,toy-test-neg-011,1,0,2.436711072921753,-1.6372283697128296,0.9553497433662415,2.436711072921753,-1.6372283697128296,0.9553497433662415,0.6363811120870448,63.63811120870448,1.0
gpt2-small,logistic_regression,0,toy_test,toy-test-neg-011,toy-test-pos-012,0,1,-1.6372283697128296,2.8364975452423096,0.1701705902814865,1.6372283697128296,-2.8364975452423096,-0.1701705902814865,0.5959969398320997,59.59969398320997,0.0
gpt2-small,logistic_regression,0,toy_test,toy-test-pos-012,toy-test-neg-012,1,0,2.8364975452423096,-0.31898194551467896,1.6350616216659546,2.8364975452423096,-0.31898194551467896,1.6350616216659546,0.6192540857592027,61.92540857592027,1.0
gpt2-small,logistic_regression,0,toy_test,toy-test-neg-012,toy-test-pos-013,0,1,-0.31898194551467896,2.4389495849609375,1.7126693725585938,0.31898194551467896,-2.4389495849609375,-1.7126693725585938,0.2633423652388839,26.334236523888386,0.0
gpt2-small,logistic_regression,0,toy_test,toy-test-pos-013,toy-test-neg-013,1,0,2.4389495849609375,-2.543194532394409,-0.637054443359375,2.4389495849609375,-2.543194532394409,-0.637054443359375,0.3825943296973239,38.25943296973239,0.0
gpt2-small,logistic_regression,0,toy_test,toy-test-neg-013,toy-test-pos-000,0,1,-2.543194532394409,1.9727188348770142,-0.8761032223701477,2.543194532394409,-1.9727188348770142,0.8761032223701477,0.6308407238043318,63.08407238043318,1.0
gpt2-small,logistic_regression,0,sst,sst-8968,sst-8874,1,0,1.3750152587890625,1.544281005859375,2.0252914428710938,1.3750152587890625,1.544281005859375,2.0252914428710938,-2.841747047687731,-284.1747047687731,0.0
gpt2-small,logistic_regression,0,sst,sst-8874,sst-8968,0,1,1.544281005859375,1.3750152587890625,1.2458038330078125,-1.544281005859375,-1.3750152587890625,-1.2458038330078125,-0.7633642837825656,-76.33642837825656,0.0
gpt2-small,logistic_regression,0,sst,sst-8433,sst-8851,1,0,1.9456253051757812,1.795013427734375,1.852325439453125,1.9456253051757812,1.795013427734375,1.852325439453125,0.3805278354693278,38.05278354693278,0.0
gpt2-small,logistic_regression,0,sst,sst-8851,sst-8433,0,1,1.795013427734375,1.9456253051757812,1.8695449829101562,-1.795013427734375,-1.9456253051757812,-1.8695449829101562,0.505141583506408,50.5141583506408,0.0
gpt2-small,logistic_regression,0,sst,sst-196,sst-8315,1,0,1.586761474609375,1.1564254760742188,1.4584197998046875,1.586761474609375,1.1564254760742188,1.4584197998046875,0.7017640280117011,70.17640280117011,0.0
gpt2-small,logistic_regression,0,sst,sst-8315,sst-196,0,1,1.1564254760742188,1.586761474609375,1.1217117309570312,-1.1564254760742188,-1.586761474609375,-1.1217117309570312,1.080666607570251,108.06666075702509,0.0
gpt2-small,logistic_regression,0,sst,sst-847,sst-8154,1,0,2.1720657348632812,1.0389480590820312,1.7765960693359375,2.1720657348632812,1.0389480590820312,1.7765960693359375,0.6509897656881228,65.09897656881228,0.0
gpt2-small,logistic_regression,0,sst,sst-8154,sst-847,0,1,1.0389480590820312,2.1720657348632812,2.1337127685546875,-1.0389480590820312,-2.1720657348632812,-2.1337127685546875,0.03384729329383248,3.384729329383248,0.0
gpt2-small,logistic_regression,0,sst,sst-1005,sst-7912,1,0,1.713134765625,0.8290481567382812,0.8726730346679688,1.713134765625,0.8290481567382812,0.8726730346679688,0.049344574944554236,4.934457494455423,0.0
gpt2-small,logistic_regression,0,sst,sst-7912,sst-1005,0,1,0.8290481567382812,1.713134765625,1.6914291381835938,-0.8290481567382812,-1.713134765625,-1.6914291381835938,0.024551471793853932,2.4551471793853934,0.0
gpt2-small,logistic_regression,0,sst,sst-208,sst-8717,1,0,2.0929183959960938,1.2802886962890625,1.2873992919921875,2.0929183959960938,1.2802886962890625,1.2873992919921875,0.008750105620910123,0.8750105620910124,0.0
gpt2-small,logistic_regression,0,sst,sst-8717,sst-208,0,1,1.2802886962890625,2.0929183959960938,2.0839691162109375,-1.2802886962890625,-2.0929183959960938,-2.0839691162109375,0.011012740228892247,1.1012740228892248,0.0
gpt2-small,logistic_regression,0,sst,sst-177,sst-8666,1,0,1.7796173095703125,1.3465042114257812,1.453857421875,1.7796173095703125,1.3465042114257812,1.453857421875,0.24786415120928676,24.786415120928677,0.0
gpt2-small,logistic_regression,0,sst,sst-8666,sst-177,0,1,1.3465042114257812,1.7796173095703125,1.674041748046875,-1.3465042114257812,-1.7796173095703125,-1.674041748046875,0.24375979848156565,24.375979848156565,0.0
gpt2-small,logistic_regression,0,sst,sst-390,sst-8825,1,0,1.8024368286132812,1.5137481689453125,1.6852035522460938,1.8024368286132812,1.5137481689453125,1.6852035522460938,0.5939110441607864,59.39110441607865,0.0
gpt2-small,logistic_regression,0,sst,sst-8825,sst-390,0,1,1.5137481689453125,1.8024368286132812,1.558807373046875,-1.5137481689453125,-1.8024368286132812,-1.558807373046875,0.8439176511007161,84.39176511007162,0.0
gpt2-small,logistic_regression,0,sst,sst-941,sst-8241,1,0,1.7656784057617188,0.5604095458984375,1.7317428588867188,1.7656784057617188,0.5604095458984375,1.7317428588867188,0.9718440026079745,97.18440026079746,0.0
gpt2-small,logistic_regression,0,sst,sst-8241,sst-941,0,1,0.5604095458984375,1.7656784057617188,1.5717086791992188,-0.5604095458984375,-1.7656784057617188,-1.5717086791992188,0.1609348196256417,16.09348196256417,0.0
gpt2-small,logistic_regression,0,sst,sst-322,sst-8751,1,0,1.6473007202148438,1.5115890502929688,1.6746978759765625,1.6473007202148438,1.5115890502929688,1.6746978759765625,1.2018776703395548,120.18776703395548,0.0
gpt2-small,logistic_regression,0,sst,sst-8751,sst-322,0,1,1.5115890502929688,1.6473007202148438,1.5099258422851562,-1.5115890502929688,-1.6473007202148438,-1.5099258422851562,1.0122554531144592,101.22554531144591,0.0
gpt2-small,logistic_regression,0,sst,sst-1048,sst-9008,1,0,1.8121871948242188,1.6947784423828125,1.8671875,1.8121871948242188,1.6947784423828125,1.8671875,1.4684514913249724,146.84514913249723,0.0
gpt2-small,logistic_regression,0,sst,sst-9008,sst-1048,0,1,1.6947784423828125,1.8121871948242188,1.6642074584960938,-1.6947784423828125,-1.8121871948242188,-1.6642074584960938,1.2603807914744298,126.03807914744299,0.0
gpt2-small,logistic_regression,0,sst,sst-19,sst-8164,1,0,2.118499755859375,1.3140640258789062,1.6471176147460938,2.118499755859375,1.3140640258789062,1.6471176147460938,0.4140213772892383,41.40213772892383,0.0
gpt2-small,logistic_regression,0,sst,sst-8164,sst-19,0,1,1.3140640258789062,2.118499755859375,2.0554122924804688,-1.3140640258789062,-2.118499755859375,-2.0554122924804688,0.07842449188630393,7.842449188630393,0.0
gpt2-small,logistic_regression,0,sst,sst-3,sst-8592,1,0,0.8612594604492188,1.0940093994140625,1.0866470336914062,0.8612594604492188,1.0940093994140625,1.0866470336914062,0.031632084439636804,3.1632084439636805,0.0
gpt2-small,logistic_regression,0,sst,sst-8592,sst-3,0,1,1.0940093994140625,0.8612594604492188,0.883270263671875,-1.0940093994140625,-0.8612594604492188,-0.883270263671875,0.09456845969777428,9.456845969777428,0.0
gpt2-small,logistic_regression,0,sst,sst-306,sst-8712,1,0,1.7240371704101562,1.0238800048828125,1.259246826171875,1.7240371704101562,1.0238800048828125,1.259246826171875,0.3361628401128897,33.61628401128897,0.0
gpt2-small,logistic_regression,0,sst,sst-8712,sst-306,0,1,1.0238800048828125,1.7240371704101562,1.6739959716796875,-1.0238800048828125,-1.7240371704101562,-1.6739959716796875,0.0714713798476643,7.147137984766429,0.0
gpt2-small,logistic_regression,0,sst,sst-8359,sst-8347,1,0,1.5035247802734375,1.6829452514648438,1.8512191772460938,1.5035247802734375,1.6829452514648438,1.8512191772460938,-0.9378747289195051,-93.7874728919505,0.0
gpt2-small,logistic_regression,0,sst,sst-8347,sst-8359,0,1,1.6829452514648438,1.5035247802734375,1.5329513549804688,-1.6829452514648438,-1.5035247802734375,-1.5329513549804688,0.1640090147552834,16.40090147552834,0.0
gpt2-small,logistic_regression,0,sst,sst-350,sst-8215,1,0,1.7167739868164062,1.0823287963867188,1.4183273315429688,1.7167739868164062,1.0823287963867188,1.4183273315429688,0.5295942663363717,52.95942663363717,0.0
gpt2-small,logistic_regression,0,sst,sst-8215,sst-350,0,1,1.0823287963867188,1.7167739868164062,1.7318801879882812,-1.0823287963867188,-1.7167739868164062,-1.7318801879882812,-0.023810096442915894,-2.3810096442915896,0.0
gpt2-small,logistic_regression,0,sst,sst-396,sst-8473,1,0,1.9512863159179688,0.5482406616210938,0.940460205078125,1.9512863159179688,0.5482406616210938,0.940460205078125,0.2795486677542142,27.954866775421426,0.0
gpt2-small,logistic_regression,0,sst,sst-8473,sst-396,0,1,0.5482406616210938,1.9512863159179688,1.9628219604492188,-0.5482406616210938,-1.9512863159179688,-1.9628219604492188,-0.008221859706362153,-0.8221859706362153,0.0
gpt2-small,logistic_regression,0,sst,sst-898,sst-8996,1,0,1.7054977416992188,1.507720947265625,1.5388336181640625,1.7054977416992188,1.507720947265625,1.5388336181640625,0.1573120395016009,15.73120395016009,0.0
gpt2-small,logistic_regression,0,sst,sst-8996,sst-898,0,1,1.507720947265625,1.7054977416992188,1.7243118286132812,-1.507720947265625,-1.7054977416992188,-1.7243118286132812,-0.095127878717741,-9.5127878717741,0.0
gpt2-small,logistic_regression,0,sst,sst-633,sst-8564,1,0,1.7313919067382812,0.9088211059570312,1.2549057006835938,1.7313919067382812,0.9088211059570312,1.2549057006835938,0.42073532685315723,42.073532685315726,0.0
gpt2-small,logistic_regression,0,sst,sst-8564,sst-633,0,1,0.9088211059570312,1.7313919067382812,1.7115249633789062,-0.9088211059570312,-1.7313919067382812,-1.7115249633789062,0.02415225940491207,2.415225940491207,0.0
gpt2-small,logistic_regression,0,sst,sst-97,sst-8465,1,0,2.1150665283203125,0.726959228515625,1.270843505859375,2.1150665283203125,0.726959228515625,1.270843505859375,0.3918171725055237,39.181717250552374,0.0
gpt2-small,logistic_regression,0,sst,sst-8465,sst-97,0,1,0.726959228515625,2.1150665283203125,2.0429458618164062,-0.726959228515625,-2.1150665283203125,-2.0429458618164062,0.05195611788372118,5.195611788372118,0.0
gpt2-small,logistic_regression,0,sst,sst-982,sst-8856,1,0,0.4825439453125,1.17999267578125,1.3156280517578125,0.4825439453125,1.17999267578125,1.3156280517578125,-0.19447361512207928,-19.44736151220793,0.0
gpt2-small,logistic_regression,0,sst,sst-8856,sst-982,0,1,1.17999267578125,0.4825439453125,0.5217132568359375,-1.17999267578125,-0.4825439453125,-0.5217132568359375,0.056160847116478514,5.616084711647852,0.0
gpt2-small,logistic_regression,0,sst,sst-533,sst-8296,1,0,1.62689208984375,0.46022796630859375,0.47467041015625,1.62689208984375,0.46022796630859375,0.47467041015625,0.012379264568360615,1.2379264568360613,0.0
gpt2-small,logistic_regression,0,sst,sst-8296,sst-533,0,1,0.46022796630859375,1.62689208984375,1.56982421875,-0.46022796630859375,-1.62689208984375,-1.56982421875,0.048915424707521075,4.891542470752108,0.0
gpt2-small,logistic_regression,0,sst,sst-890,sst-8508,1,0,1.8911666870117188,1.1428985595703125,1.3890609741210938,1.8911666870117188,1.1428985595703125,1.3890609741210938,0.3289762125676764,32.89762125676764,0.0
gpt2-small,logistic_regression,0,sst,sst-8508,sst-890,0,1,1.1428985595703125,1.8911666870117188,1.7930068969726562,-1.1428985595703125,-1.8911666870117188,-1.7930068969726562,0.1311826422096924,13.11826422096924,0.0
gpt2-small,logistic_regression,0,sst,sst-811,sst-8288,1,0,1.4313735961914062,0.8970870971679688,0.9819488525390625,1.4313735961914062,0.8970870971679688,0.9819488525390625,0.15883192917321148,15.883192917321148,0.0
gpt2-small,logistic_regression,0,sst,sst-8288,sst-811,0,1,0.8970870971679688,1.4313735961914062,1.4088516235351562,-0.8970870971679688,-1.4313735961914062,-1.4088516235351562,0.04215336284449522,4.2153362844495215,0.0
gpt2-small,logistic_regression,0,sst,sst-755,sst-8513,1,0,2.0623779296875,0.649383544921875,1.2588653564453125,2.0623779296875,0.649383544921875,1.2588653564453125,0.43134057579749896,43.1340575797499,0.0
gpt2-small,logistic_regression,0,sst,sst-8513,sst-755,0,1,0.649383544921875,2.0623779296875,1.8657989501953125,-0.649383544921875,-2.0623779296875,-1.8657989501953125,0.13912226517785792,13.912226517785793,0.0
gpt2-small,logistic_regression,0,sst,sst-922,sst-8206,1,0,1.3258285522460938,0.696990966796875,1.3696441650390625,1.3258285522460938,0.696990966796875,1.3696441650390625,1.0696771532217948,106.96771532217949,0.0
gpt2-small,logistic_regression,0,sst,sst-8206,sst-922,0,1,0.696990966796875,1.3258285522460938,1.0891647338867188,-0.696990966796875,-1.3258285522460938,-1.0891647338867188,0.3763512611770986,37.63512611770986,0.0
gpt2-small,logistic_regression,0,sst,sst-737,sst-8169,1,0,0.8151473999023438,1.522918701171875,1.5126190185546875,0.8151473999023438,1.522918701171875,1.5126190185546875,0.014552275005659218,1.4552275005659219,0.0
gpt2-small,logistic_regression,0,sst,sst-8169,sst-737,0,1,1.522918701171875,0.8151473999023438,0.9643707275390625,-1.522918701171875,-0.8151473999023438,-0.9643707275390625,0.21083551617458418,21.08355161745842,0.0
gpt2-small,logistic_regression,0,sst,sst-8312,sst-8297,1,0,1.2116165161132812,0.655609130859375,0.7405471801757812,1.2116165161132812,0.655609130859375,0.7405471801757812,0.15276424660729723,15.276424660729722,0.0
gpt2-small,logistic_regression,0,sst,sst-8297,sst-8312,0,1,0.655609130859375,1.2116165161132812,1.21405029296875,-0.655609130859375,-1.2116165161132812,-1.21405029296875,-0.004377238360525269,-0.43772383605252685,0.0
gpt2-small,logistic_regression,0,sst,sst-712,sst-8273,1,0,1.8034210205078125,1.1449356079101562,1.3526382446289062,1.8034210205078125,1.1449356079101562,1.3526382446289062,0.3154248108540245,31.54248108540245,0.0
gpt2-small,logistic_regression,0,sst,sst-8273,sst-712,0,1,1.1449356079101562,1.8034210205078125,1.7223739624023438,-1.1449356079101562,-1.8034210205078125,-1.7223739624023438,0.12308102283655238,12.30810228365524,0.0
gpt2-small,logistic_regression,0,sst,sst-8013,sst-8318,1,0,1.8374404907226562,1.3860015869140625,1.57476806640625,1.8374404907226562,1.3860015869140625,1.57476806640625,0.41814402325463484,41.81440232546349,0.0
gpt2-small,logistic_regression,0,sst,sst-8318,sst-8013,0,1,1.3860015869140625,1.8374404907226562,1.7724838256835938,-1.3860015869140625,-1.8374404907226562,-1.7724838256835938,0.143888053269338,14.388805326933802,0.0
gpt2-small,logistic_regression,0,sst,sst-8644,sst-8707,1,0,0.6392898559570312,1.5494384765625,1.4987411499023438,0.6392898559570312,1.5494384765625,1.4987411499023438,0.05570225072299761,5.5702250722997615,0.0
gpt2-small,logistic_regression,0,sst,sst-8707,sst-8644,0,1,1.5494384765625,0.6392898559570312,0.7898178100585938,-1.5494384765625,-0.6392898559570312,-0.7898178100585938,0.1653883230646716,16.53883230646716,0.0
gpt2-small,logistic_regression,0,sst,sst-21,sst-8436,1,0,2.2487716674804688,0.5352401733398438,0.9243698120117188,2.2487716674804688,0.5352401733398438,0.9243698120117188,0.22709220110776684,22.709220110776684,0.0
gpt2-small,logistic_regression,0,sst,sst-8436,sst-21,0,1,0.5352401733398438,2.2487716674804688,2.007354736328125,-0.5352401733398438,-2.2487716674804688,-2.007354736328125,0.1408885287360416,14.08885287360416,0.0
gpt2-small,pca,0,toy_test,toy-test-pos-000,toy-test-neg-000,1,0,1.97271728515625,0.4060928523540497,1.2672775983810425,1.97271728515625,0.4060928523540497,1.2672775983810425,0.5497072099702945,54.97072099702946,0.0
gpt2-small,pca,0,toy_test,toy-test-neg-000,toy-test-pos-001,0,1,0.4060928523540497,2.5448319911956787,1.988972544670105,-0.4060928523540497,-2.5448319911956787,-1.988972544670105,0.2599005350538612,25.990053505386122,0.0
gpt2-small,pca,0,toy_test,toy-test-pos-001,toy-test-neg-001,1,0,2.5448319911956787,-2.2181899547576904,0.3441406190395355,2.5448319911956787,-2.2181899547576904,0.3441406190395355,0.5379632096749343,53.79632096749343,1.0
gpt2-small,pca,0,toy_test,toy-test-neg-001,toy-test-pos-002,0,1,-2.2181899547576904,2.7425949573516846,2.518810987472534,2.2181899547576904,-2.7425949573516846,-2.518810987472534,0.04511059718249208,4.511059718249208,0.0
gpt2-small,pca,0,toy_test,toy-test-pos-002,toy-test-neg-002,1,0,2.7425949573516846,-0.5889434814453125,0.3020767271518707,2.7425949573516846,-0.5889434814453125,0.3020767271518707,0.2674500759831924,26.745007598319244,1.0
gpt2-small,pca,0,toy_test,toy-test-neg-002,toy-test-pos-003,0,1,-0.5889434814453125,2.9197938442230225,0.9625778198242188,0.5889434814453125,-2.9197938442230225,-0.9625778198242188,0.5578120681992057,55.78120681992056,0.0
gpt2-small,pca,0,toy_test,toy-test-pos-003,toy-test-neg-003,1,0,2.9197938442230225,-0.9988144040107727,1.10564124584198,2.9197938442230225,-0.9988144040107727,1.10564124584198,0.5370416016455021,53.70416016455021,1.0
gpt2-small,pca,0,toy_test,toy-test-neg-003,toy-test-pos-004,0,1,-0.9988144040107727,2.673222303390503,1.317529320716858,0.9988144040107727,-2.673222303390503,-1.317529320716858,0.3691937446979058,36.919374469790576,0.0
gpt2-small,pca,0,toy_test,toy-test-pos-004,toy-test-neg-004,1,0,2.673222303390503,-0.011453247629106045,0.8207061886787415,2.673222303390503,-0.011453247629106045,0.8207061886787415,0.3099664821664588,30.996648216645877,1.0
gpt2-small,pca,0,toy_test,toy-test-neg-004,toy-test-pos-005,0,1,-0.011453247629106045,3.28045654296875,2.9455153942108154,0.011453247629106045,-3.28045654296875,-2.9455153942108154,0.10174675798060209,10.174675798060209,0.0
gpt2-small,pca,0,toy_test,toy-test-pos-005,toy-test-neg-005,1,0,3.28045654296875,-0.8335129022598267,0.0519866943359375,3.28045654296875,-0.8335129022598267,0.0519866943359375,0.21524214226305827,21.524214226305826,1.0
gpt2-small,pca,0,toy_test,toy-test-neg-005,toy-test-pos-006,0,1,-0.8335129022598267,1.9624115228652954,1.6608597040176392,0.8335129022598267,-1.9624115228652954,-1.6608597040176392,0.10785406648971255,10.785406648971255,0.0
gpt2-small,pca,0,toy_test,toy-test-pos-006,toy-test-neg-006,1,0,1.9624115228652954,-0.3979553282260895,0.8607284426689148,1.9624115228652954,-0.3979553282260895,0.8607284426689148,0.533257688444919,53.325768844491904,1.0
gpt2-small,pca,0,toy_test,toy-test-neg-006,toy-test-pos-007,0,1,-0.3979553282260895,2.7889938354492188,-0.08441925048828125,0.3979553282260895,-2.7889938354492188,0.08441925048828125,0.9016187389144837,90.16187389144838,1.0
gpt2-small,pca,0,toy_test,toy-test-pos-007,toy-test-neg-007,1,0,2.7889938354492188,0.4975341856479645,2.364389181137085,2.7889938354492188,0.4975341856479645,2.364389181137085,0.814701230131213,81.47012301312131,0.0
gpt2-small,pca,0,toy_test,toy-test-neg-007,toy-test-pos-008,0,1,0.4975341856479645,2.350268602371216,1.9348434209823608,-0.4975341856479645,-2.350268602371216,-1.9348434209823608,0.22422273675013635,22.422273675013635,0.0
gpt2-small,pca,0,toy_test,toy-test-pos-008,toy-test-neg-008,1,0,2.3502578735351562,0.2668564021587372,1.438806176185608,2.3502578735351562,0.2668564021587372,1.438806176185608,0.5625174936891116,56.25174936891116,0.0
gpt2-small,pca,0,toy_test,toy-test-neg-008,toy-test-pos-009,0,1,0.2668564021587372,2.8138046264648438,1.7253235578536987,-0.2668564021587372,-2.8138046264648438,-1.7253235578536987,0.427366782812278,42.7366782812278,0.0
gpt2-small,pca,0,toy_test,toy-test-pos-009,toy-test-neg-009,1,0,2.8138046264648438,-0.6639175415039062,-0.0006683349492959678,2.8138046264648438,-0.6639175415039062,-0.0006683349492959678,0.19071368399218544,19.071368399218546,0.0
gpt2-small,pca,0,toy_test,toy-test-neg-009,toy-test-pos-010,0,1,-0.6639175415039062,2.810642957687378,2.160418748855591,0.6639175415039062,-2.810642957687378,-2.160418748855591,0.18713854859719065,18.713854859719063,0.0
gpt2-small,pca,0,toy_test,toy-test-pos-010,toy-test-neg-010,1,0,2.810642957687378,0.4801620543003082,1.263641357421875,2.810642957687378,0.4801620543003082,1.263641357421875,0.33618782371607303,33.6187823716073,0.0
gpt2-small,pca,0,toy_test,toy-test-neg-010,toy-test-pos-011,0,1,0.4801620543003082,2.436711072921753,2.156506299972534,-0.4801620543003082,-2.436711072921753,-2.156506299972534,0.1432137760323771,14.321377603237707,0.0
gpt2-small,pca,0,toy_test,toy-test-pos-011,toy-test-neg-011,1,0,2.436711072921753,-1.6372283697128296,-0.14647828042507172,2.436711072921753,-1.6372283697128296,-0.14647828042507172,0.3659234778226606,36.59234778226606,0.0
gpt2-small,pca,0,toy_test,toy-test-neg-011,toy-test-pos-012,0,1,-1.6372283697128296,2.8364975452423096,0.09605102986097336,1.6372283697128296,-2.8364975452423096,-0.09605102986097336,0.6125646871258577,61.25646871258577,0.0
gpt2-small,pca,0,toy_test,toy-test-pos-012,toy-test-neg-012,1,0,2.8364975452423096,-0.31898194551467896,1.693751573562622,2.8364975452423096,-0.31898194551467896,1.693751573562622,0.6378534625159149,63.78534625159149,1.0
gpt2-small,pca,0,toy_test,toy-test-neg-012,toy-test-pos-013,0,1,-0.31898194551467896,2.4389495849609375,1.8548996448516846,0.31898194551467896,-2.4389495849609375,-1.8548996448516846,0.21177100796571666,21.177100796571665,0.0
gpt2-small,pca,0,toy_test,toy-test-pos-013,toy-test-neg-013,1,0,2.4389495849609375,-2.543194532394409,-1.7794159650802612,2.4389495849609375,-2.543194532394409,-1.7794159650802612,0.15330318620320876,15.330318620320877,0.0
gpt2-small,pca,0,toy_test,toy-test-neg-013,toy-test-pos-000,0,1,-2.543194532394409,1.9727188348770142,0.21561585366725922,2.543194532394409,-1.9727188348770142,-0.21561585366725922,0.3890913838038086,38.90913838038086,0.0
gpt2-small,pca,0,sst,sst-8968,sst-8874,1,0,1.3750152587890625,1.544281005859375,1.6800308227539062,1.3750152587890625,1.544281005859375,1.6800308227539062,-0.8019922473632021,-80.1992247363202,0.0
gpt2-small,pca,0,sst,sst-8874,sst-8968,0,1,1.544281005859375,1.3750152587890625,1.3040313720703125,-1.544281005859375,-1.3750152587890625,-1.3040313720703125,-0.4193635626070495,-41.93635626070495,0.0
gpt2-small,pca,0,sst,sst-8433,sst-8851,1,0,1.9456253051757812,1.795013427734375,1.8622360229492188,1.9456253051757812,1.795013427734375,1.8622360229492188,0.4463299731523226,44.63299731523226,0.0
gpt2-small,pca,0,sst,sst-8851,sst-8433,0,1,1.795013427734375,1.9456253051757812,1.9026870727539062,-1.795013427734375,-1.9456253051757812,-1.9026870727539062,0.2850919406311737,28.50919406311737,0.0
gpt2-small,pca,0,sst,sst-196,sst-8315,1,0,1.586761474609375,1.1564254760742188,1.2662582397460938,1.586761474609375,1.1564254760742188,1.2662582397460938,0.2552256005673256,25.52256005673256,0.0
gpt2-small,pca,0,sst,sst-8315,sst-196,0,1,1.1564254760742188,1.586761474609375,1.3331680297851562,-1.1564254760742188,-1.586761474609375,-1.3331680297851562,0.5892917294566085,58.929172945660845,0.0
gpt2-small,pca,0,sst,sst-847,sst-8154,1,0,2.1720657348632812,1.0389480590820312,1.6509780883789062,2.1720657348632812,1.0389480590820312,1.6509780883789062,0.5401292755184487,54.01292755184487,0.0
gpt2-small,pca,0,sst,sst-8154,sst-847,0,1,1.0389480590820312,2.1720657348632812,2.1450119018554688,-1.0389480590820312,-2.1720657348632812,-2.1450119018554688,0.023875572313493132,2.387557231349313,0.0
gpt2-small,pca,0,sst,sst-1005,sst-7912,1,0,1.713134765625,0.8290481567382812,0.8638916015625,1.713134765625,0.8290481567382812,0.8638916015625,0.03941180023990542,3.9411800239905417,0.0
gpt2-small,pca,0,sst,sst-7912,sst-1005,0,1,0.8290481567382812,1.713134765625,1.6855926513671875,-0.8290481567382812,-1.713134765625,-1.6855926513671875,0.03115318565054928,3.115318565054928,0.0
gpt2-small,pca,0,sst,sst-208,sst-8717,1,0,2.0929183959960938,1.2802886962890625,1.280364990234375,2.0929183959960938,1.2802886962890625,1.280364990234375,9.388525344324167e-05,0.009388525344324166,0.0
gpt2-small,pca,0,sst,sst-8717,sst-208,0,1,1.2802886962890625,2.0929183959960938,2.0988693237304688,-1.2802886962890625,-2.0929183959960938,-2.0988693237304688,-0.00732304976857285,-0.732304976857285,0.0
gpt2-small,pca,0,sst,sst-177,sst-8666,1,0,1.7796173095703125,1.3465042114257812,1.4138565063476562,1.7796173095703125,1.3465042114257812,1.4138565063476562,0.15550740721168244,15.550740721168243,0.0
gpt2-small,pca,0,sst,sst-8666,sst-177,0,1,1.3465042114257812,1.7796173095703125,1.7320785522460938,-1.3465042114257812,-1.7796173095703125,-1.7320785522460938,0.10976060878296254,10.976060878296254,0.0
gpt2-small,pca,0,sst,sst-390,sst-8825,1,0,1.8024368286132812,1.5137481689453125,1.6101913452148438,1.8024368286132812,1.5137481689453125,1.6101913452148438,0.33407331060545997,33.407331060546,0.0
gpt2-small,pca,0,sst,sst-8825,sst-390,0,1,1.5137481689453125,1.8024368286132812,1.65008544921875,-1.5137481689453125,-1.8024368286132812,-1.65008544921875,0.5277359338248897,52.77359338248897,0.0
gpt2-small,pca,0,sst,sst-941,sst-8241,1,0,1.7656784057617188,0.5604095458984375,1.2433853149414062,1.7656784057617188,0.5604095458984375,1.2433853149414062,0.5666584376206663,56.66584376206663,0.0
gpt2-small,pca,0,sst,sst-8241,sst-941,0,1,0.5604095458984375,1.7656784057617188,1.6962738037109375,-0.5604095458984375,-1.7656784057617188,-1.6962738037109375,0.0575843318964153,5.75843318964153,0.0
gpt2-small,pca,0,sst,sst-322,sst-8751,1,0,1.6473007202148438,1.5115890502929688,1.5846328735351562,1.6473007202148438,1.5115890502929688,1.5846328735351562,0.5382280188891387,53.82280188891387,0.0
gpt2-small,pca,0,sst,sst-8751,sst-322,0,1,1.5115890502929688,1.6473007202148438,1.4048233032226562,-1.5115890502929688,-1.6473007202148438,-1.4048233032226562,1.7867101416685407,178.67101416685406,0.0
gpt2-small,pca,0,sst,sst-1048,sst-9008,1,0,1.8121871948242188,1.6947784423828125,1.8660507202148438,1.8121871948242188,1.6947784423828125,1.8660507202148438,1.4587692507635324,145.87692507635325,0.0
gpt2-small,pca,0,sst,sst-9008,sst-1048,0,1,1.6947784423828125,1.8121871948242188,1.6388778686523438,-1.6947784423828125,-1.8121871948242188,-1.6388778686523438,1.4761193059977906,147.61193059977907,0.0
gpt2-small,pca,0,sst,sst-19,sst-8164,1,0,2.118499755859375,1.3140640258789062,1.5820465087890625,2.118499755859375,1.3140640258789062,1.5820465087890625,0.33313100465672096,33.31310046567209,0.0
gpt2-small,pca,0,sst,sst-8164,sst-19,0,1,1.3140640258789062,2.118499755859375,2.0263137817382812,-1.3140640258789062,-2.118499755859375,-2.0263137817382812,0.114597065601912,11.4597065601912,0.0
gpt2-small,pca,0,sst,sst-3,sst-8592,1,0,0.8612594604492188,1.0940093994140625,1.066558837890625,0.8612594604492188,1.0940093994140625,1.066558837890625,0.11794014488478054,11.794014488478053,0.0
gpt2-small,pca,0,sst,sst-8592,sst-3,0,1,1.0940093994140625,0.8612594604492188,0.9245452880859375,-1.0940093994140625,-0.8612594604492188,-0.9245452880859375,0.27190480873242207,27.19048087324221,0.0
gpt2-small,pca,0,sst,sst-306,sst-8712,1,0,1.7240371704101562,1.0238800048828125,1.224395751953125,1.7240371704101562,1.0238800048828125,1.224395751953125,0.28638676706149,28.638676706149003,0.0
gpt2-small,pca,0,sst,sst-8712,sst-306,0,1,1.0238800048828125,1.7240371704101562,1.7125396728515625,-1.0238800048828125,-1.7240371704101562,-1.7125396728515625,0.016421309564023493,1.6421309564023494,0.0
gpt2-small,pca,0,sst,sst-8359,sst-8347,1,0,1.5035247802734375,1.6829452514648438,1.7762832641601562,1.5035247802734375,1.6829452514648438,1.7762832641601562,-0.5202194157418037,-52.02194157418038,0.0
gpt2-small,pca,0,sst,sst-8347,sst-8359,0,1,1.6829452514648438,1.5035247802734375,1.4922943115234375,-1.6829452514648438,-1.5035247802734375,-1.4922943115234375,-0.06259301781689841,-6.2593017816898415,0.0
gpt2-small,pca,0,sst,sst-350,sst-8215,1,0,1.7167739868164062,1.0823287963867188,1.3530654907226562,1.7167739868164062,1.0823287963867188,1.3530654907226562,0.42672983958248156,42.67298395824815,0.0
gpt2-small,pca,0,sst,sst-8215,sst-350,0,1,1.0823287963867188,1.7167739868164062,1.725555419921875,-1.0823287963867188,-1.7167739868164062,-1.725555419921875,-0.013841121720099088,-1.3841121720099088,0.0
gpt2-small,pca,0,sst,sst-396,sst-8473,1,0,1.9512863159179688,0.5482406616210938,0.7844696044921875,1.9512863159179688,0.5482406616210938,0.7844696044921875,0.16836867862969004,16.836867862969005,0.0
gpt2-small,pca,0,sst,sst-8473,sst-396,0,1,0.5482406616210938,1.9512863159179688,1.9543380737304688,-0.5482406616210938,-1.9512863159179688,-1.9543380737304688,-0.002175095160413268,-0.21750951604132682,0.0
gpt2-small,pca,0,sst,sst-898,sst-8996,1,0,1.7054977416992188,1.507720947265625,1.5289154052734375,1.7054977416992188,1.507720947265625,1.5289154052734375,0.10716352274042357,10.716352274042356,0.0
gpt2-small,pca,0,sst,sst-8996,sst-898,0,1,1.507720947265625,1.7054977416992188,1.7204971313476562,-1.507720947265625,-1.7054977416992188,-1.7204971313476562,-0.07583998765574972,-7.583998765574972,0.0
gpt2-small,pca,0,sst,sst-633,sst-8564,1,0,1.7313919067382812,0.9088211059570312,1.1586151123046875,1.7313919067382812,0.9088211059570312,1.1586151123046875,0.3036747792535431,30.367477925354308,0.0
gpt2-small,pca,0,sst,sst-8564,sst-633,0,1,0.9088211059570312,1.7313919067382812,1.7069778442382812,-0.9088211059570312,-1.7313919067382812,-1.7069778442382812,0.029680195889292868,2.968019588929287,0.0
gpt2-small,pca,0,sst,sst-97,sst-8465,1,0,2.1150665283203125,0.726959228515625,1.1585693359375,2.1150665283203125,0.726959228515625,1.1585693359375,0.31093425377318046,31.093425377318045,0.0
gpt2-small,pca,0,sst,sst-8465,sst-97,0,1,0.726959228515625,2.1150665283203125,2.0846786499023438,-0.726959228515625,-2.1150665283203125,-2.0846786499023438,0.021891591825966516,2.1891591825966517,0.0
gpt2-small,pca,0,sst,sst-982,sst-8856,1,0,0.4825439453125,1.17999267578125,1.2504653930664062,0.4825439453125,1.17999267578125,1.2504653930664062,-0.10104358099238646,-10.104358099238645,0.0
gpt2-small,pca,0,sst,sst-8856,sst-982,0,1,1.17999267578125,0.4825439453125,0.5618743896484375,-1.17999267578125,-0.4825439453125,-0.5618743896484375,0.11374376476765555,11.374376476765555,0.0
gpt2-small,pca,0,sst,sst-533,sst-8296,1,0,1.62689208984375,0.46022796630859375,0.46307373046875,1.62689208984375,0.46022796630859375,0.46307373046875,0.0024392317400942997,0.24392317400942995,0.0
gpt2-small,pca,0,sst,sst-8296,sst-533,0,1,0.46022796630859375,1.62689208984375,1.527679443359375,-0.46022796630859375,-1.62689208984375,-1.527679443359375,0.08503959664393101,8.503959664393102,0.0
gpt2-small,pca,0,sst,sst-890,sst-8508,1,0,1.8911666870117188,1.1428985595703125,1.335968017578125,1.8911666870117188,1.1428985595703125,1.335968017578125,0.25802175841430713,25.802175841430714,0.0
gpt2-small,pca,0,sst,sst-8508,sst-890,0,1,1.1428985595703125,1.8911666870117188,1.8212890625,-1.1428985595703125,-1.8911666870117188,-1.8212890625,0.09338580910916933,9.338580910916933,0.0
gpt2-small,pca,0,sst,sst-811,sst-8288,1,0,1.4313735961914062,0.8970870971679688,0.9611587524414062,1.4313735961914062,0.8970870971679688,0.9611587524414062,0.11992003427102671,11.99200342710267,0.0
gpt2-small,pca,0,sst,sst-8288,sst-811,0,1,0.8970870971679688,1.4313735961914062,1.4806442260742188,-0.8970870971679688,-1.4313735961914062,-1.4806442260742188,-0.09221762101956305,-9.221762101956305,0.0
gpt2-small,pca,0,sst,sst-755,sst-8513,1,0,2.0623779296875,0.649383544921875,1.257476806640625,2.0623779296875,0.649383544921875,1.257476806640625,0.430357875639835,43.0357875639835,0.0
gpt2-small,pca,0,sst,sst-8513,sst-755,0,1,0.649383544921875,2.0623779296875,1.96051025390625,-0.649383544921875,-2.0623779296875,-1.96051025390625,0.07209347530290923,7.2093475302909225,0.0
gpt2-small,pca,0,sst,sst-922,sst-8206,1,0,1.3258285522460938,0.696990966796875,1.2931976318359375,1.3258285522460938,0.696990966796875,1.2931976318359375,0.9481091442922486,94.81091442922485,0.0
gpt2-small,pca,0,sst,sst-8206,sst-922,0,1,0.696990966796875,1.3258285522460938,1.1379470825195312,-0.696990966796875,-1.3258285522460938,-1.1379470825195312,0.2987758271356296,29.877582713562962,0.0
gpt2-small,pca,0,sst,sst-737,sst-8169,1,0,0.8151473999023438,1.522918701171875,1.51910400390625,0.8151473999023438,1.522918701171875,1.51910400390625,0.005389731483577488,0.5389731483577488,0.0
gpt2-small,pca,0,sst,sst-8169,sst-737,0,1,1.522918701171875,0.8151473999023438,0.8993606567382812,-1.522918701171875,-0.8151473999023438,-0.8993606567382812,0.11898371223145662,11.898371223145663,0.0
gpt2-small,pca,0,sst,sst-8312,sst-8297,1,0,1.2116165161132812,0.655609130859375,0.8204269409179688,1.2116165161132812,0.655609130859375,0.8204269409179688,0.29643097273488206,29.643097273488205,0.0
gpt2-small,pca,0,sst,sst-8297,sst-8312,0,1,0.655609130859375,1.2116165161132812,1.2004547119140625,-0.655609130859375,-1.2116165161132812,-1.2004547119140625,0.02007492075689175,2.007492075689175,0.0
gpt2-small,pca,0,sst,sst-712,sst-8273,1,0,1.8034210205078125,1.1449356079101562,1.322296142578125,1.8034210205078125,1.1449356079101562,1.322296142578125,0.26934618637685526,26.934618637685524,0.0
gpt2-small,pca,0,sst,sst-8273,sst-712,0,1,1.1449356079101562,1.8034210205078125,1.7426605224609375,-1.1449356079101562,-1.8034210205078125,-1.7426605224609375,0.09227311172647117,9.227311172647116,0.0
gpt2-small,pca,0,sst,sst-8013,sst-8318,1,0,1.8374404907226562,1.3860015869140625,1.5540237426757812,1.8374404907226562,1.3860015869140625,1.5540237426757812,0.37219245914383736,37.219245914383734,0.0
gpt2-small,pca,0,sst,sst-8318,sst-8013,0,1,1.3860015869140625,1.8374404907226562,1.8141708374023438,-1.3860015869140625,-1.8374404907226562,-1.8141708374023438,0.05154552060975816,5.154552060975816,0.0
gpt2-small,pca,0,sst,sst-8644,sst-8707,1,0,0.6392898559570312,1.5494384765625,1.485748291015625,0.6392898559570312,1.5494384765625,1.485748291015625,0.06997778616035877,6.997778616035878,0.0
gpt2-small,pca,0,sst,sst-8707,sst-8644,0,1,1.5494384765625,0.6392898559570312,0.7953262329101562,-1.5494384765625,-0.6392898559570312,-0.7953262329101562,0.17144054654428098,17.1440546544281,0.0
gpt2-small,pca,0,sst,sst-21,sst-8436,1,0,2.2487716674804688,0.5352401733398438,0.6649246215820312,2.2487716674804688,0.5352401733398438,0.6649246215820312,0.07568255890576858,7.568255890576858,0.0
gpt2-small,pca,0,sst,sst-8436,sst-21,0,1,0.5352401733398438,2.2487716674804688,2.0984039306640625,-0.5352401733398438,-2.2487716674804688,-2.0984039306640625,0.08775312115977132,8.775312115977131,0.0
gpt2-small,das,0,toy_test,toy-test-pos-000,toy-test-neg-000,1,0,1.97271728515625,0.4060928523540497,0.489614874124527,1.97271728515625,0.4060928523540497,0.489614874124527,0.05331336599996884,5.331336599996884,0.0
gpt2-small,das,0,toy_test,toy-test-neg-000,toy-test-pos-001,0,1,0.4060928523540497,2.5448319911956787,2.3820648193359375,-0.4060928523540497,-2.5448319911956787,-2.3820648193359375,0.07610426578151938,7.610426578151938,0.0
gpt2-small,das,0,toy_test,toy-test-pos-001,toy-test-neg-001,1,0,2.5448319911956787,-2.2181899547576904,-1.655598521232605,2.5448319911956787,-2.2181899547576904,-1.655598521232605,0.1181164898900076,11.81164898900076,0.0
gpt2-small,das,0,toy_test,toy-test-neg-001,toy-test-pos-002,0,1,-2.2181899547576904,2.7425949573516846,2.5802810192108154,2.2181899547576904,-2.7425949573516846,-2.5802810192108154,0.032719406508566334,3.2719406508566333,0.0
gpt2-small,das,0,toy_test,toy-test-pos-002,toy-test-neg-002,1,0,2.7425949573516846,-0.5889434814453125,-0.34359437227249146,2.7425949573516846,-0.5889434814453125,-0.34359437227249146,0.07364438792470168,7.3644387924701675,0.0
gpt2-small,das,0,toy_test,toy-test-neg-002,toy-test-pos-003,0,1,-0.5889434814453125,2.9197938442230225,2.611280918121338,0.5889434814453125,-2.9197938442230225,-2.611280918121338,0.08792705109178267,8.792705109178266,0.0
gpt2-small,das,0,toy_test,toy-test-pos-003,toy-test-neg-003,1,0,2.9197938442230225,-0.9988144040107727,-0.43153688311576843,2.9197938442230225,-0.9988144040107727,-0.43153688311576843,0.14476505048716953,14.476505048716952,0.0
gpt2-small,das,0,toy_test,toy-test-neg-003,toy-test-pos-004,0,1,-0.9988144040107727,2.673222303390503,2.237635850906372,0.9988144040107727,-2.673222303390503,-2.237635850906372,0.11862257575099194,11.862257575099195,0.0
gpt2-small,das,0,toy_test,toy-test-pos-004,toy-test-neg-004,1,0,2.673222303390503,-0.011453247629106045,0.08403930813074112,2.673222303390503,-0.011453247629106045,0.08403930813074112,0.035569495808750594,3.556949580875059,1.0
gpt2-small,das,0,toy_test,toy-test-neg-004,toy-test-pos-005,0,1,-0.011453247629106045,3.28045654296875,3.278947591781616,0.011453247629106045,-3.28045654296875,-3.278947591781616,0.0004583816942504195,0.04583816942504195,0.0
gpt2-small,das,0,toy_test,toy-test-pos-005,toy-test-neg-005,1,0,3.28045654296875,-0.8335129022598267,-0.654937744140625,3.28045654296875,-0.8335129022598267,-0.654937744140625,0.04340702100408522,4.340702100408523,0.0
gpt2-small,das,0,toy_test,toy-test-neg-005,toy-test-pos-006,0,1,-0.8335129022598267,1.9624115228652954,1.8590500354766846,0.8335129022598267,-1.9624115228652954,-1.8590500354766846,0.03696862707009158,3.6968627070091586,0.0
gpt2-small,das,0,toy_test,toy-test-pos-006,toy-test-neg-006,1,0,1.9624115228652954,-0.3979553282260895,-0.04266357421875,1.9624115228652954,-0.3979553282260895,-0.04266357421875,0.15052395513988,15.052395513988001,0.0
gpt2-small,das,0,toy_test,toy-test-neg-006,toy-test-pos-007,0,1,-0.3979553282260895,2.7889938354492188,2.476771593093872,0.3979553282260895,-2.7889938354492188,-2.476771593093872,0.09796900619377323,9.796900619377324,0.0
gpt2-small,das,0,toy_test,toy-test-pos-007,toy-test-neg-007,1,0,2.7889938354492188,0.4975341856479645,0.7438858151435852,2.7889938354492188,0.4975341856479645,0.7438858151435852,0.10750860462107094,10.750860462107093,0.0
gpt2-small,das,0,toy_test,toy-test-neg-007,toy-test-pos-008,0,1,0.4975341856479645,2.350268602371216,2.271592855453491,-0.4975341856479645,-2.350268602371216,-2.271592855453491,0.04246466531175615,4.2464665311756145,0.0
gpt2-small,das,0,toy_test,toy-test-pos-008,toy-test-neg-008,1,0,2.3502578735351562,0.2668564021587372,0.440420538187027,2.3502578735351562,0.2668564021587372,0.440420538187027,0.08330806059843233,8.330806059843233,0.0
gpt2-small,das,0,toy_test,toy-test-neg-008,toy-test-pos-009,0,1,0.2668564021587372,2.8138046264648438,2.5856690406799316,-0.2668564021587372,-2.8138046264648438,-2.5856690406799316,0.08957213327218916,8.957213327218916,0.0
gpt2-small,das,0,toy_test,toy-test-pos-009,toy-test-neg-009,1,0,2.8138046264648438,-0.6639175415039062,-0.5398330688476562,2.8138046264648438,-0.6639175415039062,-0.5398330688476562,0.03567981186051001,3.5679811860510013,0.0
gpt2-small,das,0,toy_test,toy-test-neg-009,toy-test-pos-010,0,1,-0.6639175415039062,2.810642957687378,2.651315450668335,0.6639175415039062,-2.810642957687378,-2.651315450668335,0.045855441877073945,4.585544187707395,0.0
gpt2-small,das,0,toy_test,toy-test-pos-010,toy-test-neg-010,1,0,2.810642957687378,0.4801620543003082,0.5702713131904602,2.810642957687378,0.4801620543003082,0.5702713131904602,0.03866552124893586,3.8665521248935857,0.0
gpt2-small,das,0,toy_test,toy-test-neg-010,toy-test-pos-011,0,1,0.4801620543003082,2.436711072921753,2.383618116378784,-0.4801620543003082,-2.436711072921753,-2.383618116378784,0.02713602165734506,2.713602165734506,0.0
gpt2-small,das,0,toy_test,toy-test-pos-011,toy-test-neg-011,1,0,2.436711072921753,-1.6372283697128296,-1.2608261108398438,2.436711072921753,-1.6372283697128296,-1.2608261108398438,0.09239269855949789,9.23926985594979,0.0
gpt2-small,das,0,toy_test,toy-test-neg-011,toy-test-pos-012,0,1,-1.6372283697128296,2.8364975452423096,2.2237625122070312,1.6372283697128296,-2.8364975452423096,-2.2237625122070312,0.13696302470989052,13.696302470989053,0.0
gpt2-small,das,0,toy_test,toy-test-pos-012,toy-test-neg-012,1,0,2.8364975452423096,-0.31898194551467896,-0.05260772630572319,2.8364975452423096,-0.31898194551467896,-0.05260772630572319,0.08441640010312776,8.441640010312776,0.0
gpt2-small,das,0,toy_test,toy-test-neg-012,toy-test-pos-013,0,1,-0.31898194551467896,2.4389495849609375,2.253305196762085,0.31898194551467896,-2.4389495849609375,-2.253305196762085,0.0673129068461092,6.7312906846109195,0.0
gpt2-small,das,0,toy_test,toy-test-pos-013,toy-test-neg-013,1,0,2.4389495849609375,-2.543194532394409,-2.323382616043091,2.4389495849609375,-2.543194532394409,-2.323382616043091,0.044119943376507605,4.411994337650761,0.0
gpt2-small,das,0,toy_test,toy-test-neg-013,toy-test-pos-000,0,1,-2.543194532394409,1.9727188348770142,1.6076339483261108,2.543194532394409,-1.9727188348770142,-1.6076339483261108,0.08084408553911046,8.084408553911047,0.0
gpt2-small,das,0,sst,sst-8968,sst-8874,1,0,1.3750152587890625,1.544281005859375,1.5550308227539062,1.3750152587890625,1.544281005859375,1.5550308227539062,-0.06350851888578382,-6.350851888578383,0.0
gpt2-small,das,0,sst,sst-8874,sst-8968,0,1,1.544281005859375,1.3750152587890625,1.359222412109375,-1.544281005859375,-1.3750152587890625,-1.359222412109375,-0.09330208239430271,-9.330208239430272,0.0
gpt2-small,das,0,sst,sst-8433,sst-8851,1,0,1.9456253051757812,1.795013427734375,1.8051910400390625,1.9456253051757812,1.795013427734375,1.8051910400390625,0.06757509751279064,6.757509751279064,0.0
gpt2-small,das,0,sst,sst-8851,sst-8433,0,1,1.795013427734375,1.9456253051757812,1.9521636962890625,-1.795013427734375,-1.9456253051757812,-1.9521636962890625,-0.04341218783242997,-4.341218783242997,0.0
gpt2-small,das,0,sst,sst-196,sst-8315,1,0,1.586761474609375,1.1564254760742188,1.16705322265625,1.586761474609375,1.1564254760742188,1.16705322265625,0.024696392163815264,2.4696392163815264,0.0
gpt2-small,das,0,sst,sst-8315,sst-196,0,1,1.1564254760742188,1.586761474609375,1.52935791015625,-1.1564254760742188,-1.586761474609375,-1.52935791015625,0.1333924297491357,13.33924297491357,0.0
gpt2-small,das,0,sst,sst-847,sst-8154,1,0,2.1720657348632812,1.0389480590820312,1.1296463012695312,2.1720657348632812,1.0389480590820312,1.1296463012695312,0.0800430918394829,8.00430918394829,0.0
gpt2-small,das,0,sst,sst-8154,sst-847,0,1,1.0389480590820312,2.1720657348632812,2.1814193725585938,-1.0389480590820312,-2.1720657348632812,-2.1814193725585938,-0.008254780500942634,-0.8254780500942634,0.0
gpt2-small,das,0,sst,sst-1005,sst-7912,1,0,1.713134765625,0.8290481567382812,0.8335723876953125,1.713134765625,0.8290481567382812,0.8335723876953125,0.005117406950353386,0.5117406950353386,0.0
gpt2-small,das,0,sst,sst-7912,sst-1005,0,1,0.8290481567382812,1.713134765625,1.71099853515625,-0.8290481567382812,-1.713134765625,-1.71099853515625,0.002416313568463656,0.2416313568463656,0.0
gpt2-small,das,0,sst,sst-208,sst-8717,1,0,2.0929183959960938,1.2802886962890625,1.2771759033203125,2.0929183959960938,1.2802886962890625,1.2771759033203125,-0.0038305183404842603,-0.383051834048426,0.0
gpt2-small,das,0,sst,sst-8717,sst-208,0,1,1.2802886962890625,2.0929183959960938,2.0943756103515625,-1.2802886962890625,-2.0929183959960938,-2.0943756103515625,-0.0017932083407659158,-0.17932083407659158,0.0
gpt2-small,das,0,sst,sst-177,sst-8666,1,0,1.7796173095703125,1.3465042114257812,1.3730850219726562,1.7796173095703125,1.3465042114257812,1.3730850219726562,0.061371523190473676,6.137152319047368,0.0
gpt2-small,das,0,sst,sst-8666,sst-177,0,1,1.3465042114257812,1.7796173095703125,1.7662429809570312,-1.3465042114257812,-1.7796173095703125,-1.7662429809570312,0.030879529320579895,3.0879529320579895,0.0
gpt2-small,das,0,sst,sst-390,sst-8825,1,0,1.8024368286132812,1.5137481689453125,1.5244598388671875,1.8024368286132812,1.5137481689453125,1.5244598388671875,0.037104574645207326,3.7104574645207324,0.0
gpt2-small,das,0,sst,sst-8825,sst-390,0,1,1.5137481689453125,1.8024368286132812,1.782501220703125,-1.5137481689453125,-1.8024368286132812,-1.782501220703125,0.06905573614524697,6.905573614524696,0.0
gpt2-small,das,0,sst,sst-941,sst-8241,1,0,1.7656784057617188,0.5604095458984375,0.6700057983398438,1.7656784057617188,0.5604095458984375,0.6700057983398438,0.09093095830405692,9.093095830405693,0.0
gpt2-small,das,0,sst,sst-8241,sst-941,0,1,0.5604095458984375,1.7656784057617188,1.76422119140625,-0.5604095458984375,-1.7656784057617188,-1.76422119140625,0.0012090367585154802,0.12090367585154801,0.0
gpt2-small,das,0,sst,sst-322,sst-8751,1,0,1.6473007202148438,1.5115890502929688,1.5260772705078125,1.6473007202148438,1.5115890502929688,1.5260772705078125,0.10675736451540364,10.675736451540365,0.0
gpt2-small,das,0,sst,sst-8751,sst-322,0,1,1.5115890502929688,1.6473007202148438,1.6361236572265625,-1.5115890502929688,-1.6473007202148438,-1.6361236572265625,0.08235889363615921,8.235889363615922,0.0
gpt2-small,das,0,sst,sst-1048,sst-9008,1,0,1.8121871948242188,1.6947784423828125,1.7145919799804688,1.8121871948242188,1.6947784423828125,1.7145919799804688,0.16875690428227955,16.875690428227955,0.0
gpt2-small,das,0,sst,sst-9008,sst-1048,0,1,1.6947784423828125,1.8121871948242188,1.8071670532226562,-1.6947784423828125,-1.8121871948242188,-1.8071670532226562,0.042757814023003445,4.275781402300344,0.0
gpt2-small,das,0,sst,sst-19,sst-8164,1,0,2.118499755859375,1.3140640258789062,1.3298110961914062,2.118499755859375,1.3140640258789062,1.3298110961914062,0.019575299462248313,1.9575299462248315,0.0
gpt2-small,das,0,sst,sst-8164,sst-19,0,1,1.3140640258789062,2.118499755859375,2.101043701171875,-1.3140640258789062,-2.118499755859375,-2.101043701171875,0.021699750566678364,2.169975056667836,0.0
gpt2-small,das,0,sst,sst-3,sst-8592,1,0,0.8612594604492188,1.0940093994140625,1.08935546875,0.8612594604492188,1.0940093994140625,1.08935546875,0.019995410889304094,1.9995410889304095,0.0
gpt2-small,das,0,sst,sst-8592,sst-3,0,1,1.0940093994140625,0.8612594604492188,0.9089431762695312,-1.0940093994140625,-0.8612594604492188,-0.9089431762695312,0.20487101321008294,20.487101321008293,0.0
gpt2-small,das,0,sst,sst-306,sst-8712,1,0,1.7240371704101562,1.0238800048828125,1.0792388916015625,1.7240371704101562,1.0238800048828125,1.0792388916015625,0.07906637172963137,7.906637172963136,0.0
gpt2-small,das,0,sst,sst-8712,sst-306,0,1,1.0238800048828125,1.7240371704101562,1.711029052734375,-1.0238800048828125,-1.7240371704101562,-1.711029052734375,0.018578853886303953,1.8578853886303952,0.0
gpt2-small,das,0,sst,sst-8359,sst-8347,1,0,1.5035247802734375,1.6829452514648438,1.6839370727539062,1.5035247802734375,1.6829452514648438,1.6839370727539062,-0.00552791597567717,-0.552791597567717,0.0
gpt2-small,das,0,sst,sst-8347,sst-8359,0,1,1.6829452514648438,1.5035247802734375,1.5249862670898438,-1.6829452514648438,-1.5035247802734375,-1.5249862670898438,0.11961559722753752,11.961559722753753,0.0
gpt2-small,das,0,sst,sst-350,sst-8215,1,0,1.7167739868164062,1.0823287963867188,1.0990829467773438,1.7167739868164062,1.0823287963867188,1.0990829467773438,0.02640756150941581,2.640756150941581,0.0
gpt2-small,das,0,sst,sst-8215,sst-350,0,1,1.0823287963867188,1.7167739868164062,1.7437057495117188,-1.0823287963867188,-1.7167739868164062,-1.7437057495117188,-0.04244931335529955,-4.244931335529955,0.0
gpt2-small,das,0,sst,sst-396,sst-8473,1,0,1.9512863159179688,0.5482406616210938,0.5707626342773438,1.9512863159179688,0.5482406616210938,0.5707626342773438,0.016052202283849917,1.605220228384992,0.0
gpt2-small,das,0,sst,sst-8473,sst-396,0,1,0.5482406616210938,1.9512863159179688,1.9540939331054688,-0.5482406616210938,-1.9512863159179688,-1.9540939331054688,-0.002001087547580207,-0.20010875475802067,0.0
gpt2-small,das,0,sst,sst-898,sst-8996,1,0,1.7054977416992188,1.507720947265625,1.511688232421875,1.7054977416992188,1.507720947265625,1.511688232421875,0.020059406704470935,2.0059406704470932,0.0
gpt2-small,das,0,sst,sst-8996,sst-898,0,1,1.507720947265625,1.7054977416992188,1.6977157592773438,-1.507720947265625,-1.7054977416992188,-1.6977157592773438,0.039347297766462216,3.9347297766462215,0.0
gpt2-small,das,0,sst,sst-633,sst-8564,1,0,1.7313919067382812,0.9088211059570312,0.9677658081054688,1.7313919067382812,0.9088211059570312,0.9677658081054688,0.07165912295021147,7.165912295021148,0.0
gpt2-small,das,0,sst,sst-8564,sst-633,0,1,0.9088211059570312,1.7313919067382812,1.7402114868164062,-0.9088211059570312,-1.7313919067382812,-1.7402114868164062,-0.01072197076500705,-1.072197076500705,0.0
gpt2-small,das,0,sst,sst-97,sst-8465,1,0,2.1150665283203125,0.726959228515625,0.8092803955078125,2.1150665283203125,0.726959228515625,0.8092803955078125,0.05930461355816689,5.930461355816689,0.0
gpt2-small,das,0,sst,sst-8465,sst-97,0,1,0.726959228515625,2.1150665283203125,2.0943679809570312,-0.726959228515625,-2.1150665283203125,-2.0943679809570312,0.014911345373800441,1.4911345373800442,0.0
gpt2-small,das,0,sst,sst-982,sst-8856,1,0,0.4825439453125,1.17999267578125,1.1741485595703125,0.4825439453125,1.17999267578125,1.1741485595703125,0.00837927715060821,0.8379277150608209,0.0
gpt2-small,das,0,sst,sst-8856,sst-982,0,1,1.17999267578125,0.4825439453125,0.50787353515625,-1.17999267578125,-0.4825439453125,-0.50787353515625,0.03631749365537761,3.6317493655377615,0.0
gpt2-small,das,0,sst,sst-533,sst-8296,1,0,1.62689208984375,0.46022796630859375,0.44886016845703125,1.62689208984375,0.46022796630859375,0.44886016845703125,-0.00974384796981369,-0.9743847969813689,0.0
gpt2-small,das,0,sst,sst-8296,sst-533,0,1,0.46022796630859375,1.62689208984375,1.6221923828125,-0.46022796630859375,-1.62689208984375,-1.6221923828125,0.004028329093560559,0.4028329093560559,0.0
gpt2-small,das,0,sst,sst-890,sst-8508,1,0,1.8911666870117188,1.1428985595703125,1.15631103515625,1.8911666870117188,1.1428985595703125,1.15631103515625,0.01792469182377112,1.792469182377112,0.0
gpt2-small,das,0,sst,sst-8508,sst-890,0,1,1.1428985595703125,1.8911666870117188,1.878875732421875,-1.1428985595703125,-1.8911666870117188,-1.878875732421875,0.016425869469906297,1.6425869469906298,0.0
gpt2-small,das,0,sst,sst-811,sst-8288,1,0,1.4313735961914062,0.8970870971679688,0.9168624877929688,1.4313735961914062,0.8970870971679688,0.9168624877929688,0.03701270883906897,3.701270883906897,0.0
gpt2-small,das,0,sst,sst-8288,sst-811,0,1,0.8970870971679688,1.4313735961914062,1.4545059204101562,-0.8970870971679688,-1.4313735961914062,-1.4545059204101562,-0.0432957304012566,-4.32957304012566,0.0
gpt2-small,das,0,sst,sst-755,sst-8513,1,0,2.0623779296875,0.649383544921875,0.72198486328125,2.0623779296875,0.649383544921875,0.72198486328125,0.05138117967214531,5.138117967214531,0.0
gpt2-small,das,0,sst,sst-8513,sst-755,0,1,0.649383544921875,2.0623779296875,2.034088134765625,-0.649383544921875,-2.0623779296875,-2.034088134765625,0.020021165849549685,2.0021165849549685,0.0
gpt2-small,das,0,sst,sst-922,sst-8206,1,0,1.3258285522460938,0.696990966796875,0.7605743408203125,1.3258285522460938,0.696990966796875,0.7605743408203125,0.10111255353481431,10.11125535348143,0.0
gpt2-small,das,0,sst,sst-8206,sst-922,0,1,0.696990966796875,1.3258285522460938,1.3034744262695312,-0.696990966796875,-1.3258285522460938,-1.3034744262695312,0.0355483299564442,3.5548329956444196,0.0
gpt2-small,das,0,sst,sst-737,sst-8169,1,0,0.8151473999023438,1.522918701171875,1.5258941650390625,0.8151473999023438,1.522918701171875,1.5258941650390625,-0.004203990557190441,-0.42039905571904407,0.0
gpt2-small,das,0,sst,sst-8169,sst-737,0,1,1.522918701171875,0.8151473999023438,0.8644943237304688,-1.522918701171875,-0.8151473999023438,-0.8644943237304688,0.06972156647155839,6.972156647155838,0.0
gpt2-small,das,0,sst,sst-8312,sst-8297,1,0,1.2116165161132812,0.655609130859375,0.6715011596679688,1.2116165161132812,0.655609130859375,0.6715011596679688,0.028582405971705752,2.858240597170575,0.0
gpt2-small,das,0,sst,sst-8297,sst-8312,0,1,0.655609130859375,1.2116165161132812,1.2256088256835938,-0.655609130859375,-1.2116165161132812,-1.2256088256835938,-0.025165690135433676,-2.5165690135433674,0.0
gpt2-small,das,0,sst,sst-712,sst-8273,1,0,1.8034210205078125,1.1449356079101562,1.2059097290039062,1.8034210205078125,1.1449356079101562,1.2059097290039062,0.09259752748844269,9.259752748844269,0.0
gpt2-small,das,0,sst,sst-8273,sst-712,0,1,1.1449356079101562,1.8034210205078125,1.809783935546875,-1.1449356079101562,-1.8034210205078125,-1.809783935546875,-0.009662955195866017,-0.9662955195866016,0.0
gpt2-small,das,0,sst,sst-8013,sst-8318,1,0,1.8374404907226562,1.3860015869140625,1.4156875610351562,1.8374404907226562,1.3860015869140625,1.4156875610351562,0.06575856416149803,6.575856416149803,0.0
gpt2-small,das,0,sst,sst-8318,sst-8013,0,1,1.3860015869140625,1.8374404907226562,1.8413772583007812,-1.3860015869140625,-1.8374404907226562,-1.8413772583007812,-0.008720488076929577,-0.8720488076929577,0.0
gpt2-small,das,0,sst,sst-8644,sst-8707,1,0,0.6392898559570312,1.5494384765625,1.5194778442382812,0.6392898559570312,1.5494384765625,1.5194778442382812,0.032918395573997235,3.2918395573997232,0.0
gpt2-small,das,0,sst,sst-8707,sst-8644,0,1,1.5494384765625,0.6392898559570312,0.6544265747070312,-1.5494384765625,-0.6392898559570312,-0.6544265747070312,0.016631040697430738,1.663104069743074,0.0
gpt2-small,das,0,sst,sst-21,sst-8436,1,0,2.2487716674804688,0.5352401733398438,0.5423202514648438,2.2487716674804688,0.5352401733398438,0.5423202514648438,0.004131863434789578,0.4131863434789578,0.0
gpt2-small,das,0,sst,sst-8436,sst-21,0,1,0.5352401733398438,2.2487716674804688,2.1870346069335938,-0.5352401733398438,-2.2487716674804688,-2.1870346069335938,0.03602913676111774,3.602913676111774,0.0
