training_dataset,model,method,selected_layer,patch_position,selection_dataset,selection_metric,selection_score_percent,selection_protocol,sst_n_directed_cases,sst_logit_flip_percent,sst_sign_flip_percent,imdb_n_directed_cases,imdb_logit_flip_percent,imdb_sign_flip_percent,dynasent_r1_n_directed_cases,dynasent_r1_logit_flip_percent,dynasent_r1_sign_flip_percent,dynasent_r2_n_directed_cases,dynasent_r2_logit_flip_percent,dynasent_r2_sign_flip_percent,training_run_id,ood_evaluation_run_id,source_notebook
ToyMovieReview,gpt2-small,mean_diff,10,all,toy_adverbs,logit_flip_percent,20.6,source_selected_before_ood,304,50.0,0.0,15274,67.1,1.1,80,55.6,0.0,66,84.4,0.0,2026-09-18_20-22_CDT,2026-09-22_00-18_CDT,05_colab_evaluate_frozen_end_directions.ipynb
ToyMovieReview,gpt2-small,das,10,all,toy_adverbs,logit_flip_percent,61.8,source_selected_before_ood,304,61.7,0.0,15274,67.2,1.2,80,105.6,0.0,66,71.9,0.0,2026-09-18_20-22_CDT,2026-09-22_00-18_CDT,05_colab_evaluate_frozen_end_directions.ipynb
ToyMovieReview,qwen-0.6b,mean_diff,23,all,toy_adverbs,logit_flip_percent,36.7,source_selected_before_ood,302,82.4,69.9,15218,78.3,71.7,80,64.1,50.0,68,66.2,64.7,2026-09-18_20-22_CDT,2026-09-22_00-18_CDT,05_colab_evaluate_frozen_end_directions.ipynb
ToyMovieReview,qwen-0.6b,das,26,all,toy_adverbs,logit_flip_percent,83.3,source_selected_before_ood,302,70.5,58.3,15218,57.0,51.8,80,46.9,38.7,68,45.6,44.1,2026-09-18_20-22_CDT,2026-09-22_00-18_CDT,05_colab_evaluate_frozen_end_directions.ipynb
partial_AIT,gpt2-small,mean_diff,3,final,ait_test,logit_flip_percent,39.999996,test_selected_exploratory,304,9.2,0.0,15274,2.0,0.0,80,-44.4,0.0,66,3.1,0.0,2026-09-23_02-47_CDT,2026-10-02_11-13_CDT,11_colab_evaluate_frozen_partial_ait_valence_directions.ipynb
partial_AIT,gpt2-small,das,11,all,ait_test,logit_flip_percent,60.000004,test_selected_exploratory,304,99.2,0.7,15274,100.1,12.1,80,138.9,3.8,66,43.8,0.0,2026-09-23_02-47_CDT,2026-10-02_11-13_CDT,11_colab_evaluate_frozen_partial_ait_valence_directions.ipynb
partial_AIT,qwen-0.6b,mean_diff,25,final,ait_test,logit_flip_percent,96.153843,test_selected_exploratory,302,90.3,81.1,15218,86.8,80.0,80,87.5,68.8,68,83.8,73.5,2026-09-23_02-47_CDT,2026-10-02_11-13_CDT,11_colab_evaluate_frozen_partial_ait_valence_directions.ipynb
partial_AIT,qwen-0.6b,das,26,all,ait_test,logit_flip_percent,107.692307,test_selected_exploratory,302,103.2,93.4,15218,101.5,96.1,80,100.0,82.5,68,100.0,95.6,2026-09-23_02-47_CDT,2026-10-02_11-13_CDT,11_colab_evaluate_frozen_partial_ait_valence_directions.ipynb
full_AIT,gpt2-small,mean_diff,11,final,ait_eval,logit_flip_percent,71.951213,validation_selected_locked,304,39.2,0.0,15274,39.2,0.4,80,77.8,0.0,66,46.9,0.0,2026-09-23_09-10_CDT,2026-09-24_11-20_CDT,08_colab_evaluate_frozen_ait_valence_directions.ipynb
full_AIT,gpt2-small,das,11,all,ait_eval,logit_flip_percent,125.609760,validation_selected_locked,304,101.7,4.6,15274,116.5,17.3,80,161.1,2.5,66,109.4,6.1,2026-09-23_09-10_CDT,2026-09-24_11-20_CDT,08_colab_evaluate_frozen_ait_valence_directions.ipynb
full_AIT,qwen-0.6b,mean_diff,28,final,ait_eval,logit_flip_percent,98.924730,validation_selected_locked,302,89.6,79.1,15218,88.8,82.6,80,92.2,72.5,68,91.2,79.4,2026-09-23_09-10_CDT,2026-09-24_11-20_CDT,08_colab_evaluate_frozen_ait_valence_directions.ipynb
full_AIT,qwen-0.6b,das,26,all,ait_eval,logit_flip_percent,112.365586,validation_selected_locked,302,103.6,93.7,15218,101.7,96.3,80,101.6,82.5,68,100.0,95.6,2026-09-23_09-10_CDT,2026-09-24_11-20_CDT,08_colab_evaluate_frozen_ait_valence_directions.ipynb
