model,method,layer,subspace_dimension,toy_projection_accuracy,toy_patch_recovery,toy_flip_rate,toy_sign_flip_rate,toy_logit_diff_percent,toy_logit_flip_percent,toy_sign_flip_percent,toy_corrupted_accuracy,toy_clean_accuracy,toy_patched_accuracy,sst_projection_accuracy,sst_patch_recovery,sst_flip_rate,sst_sign_flip_rate,sst_logit_diff_percent,sst_logit_flip_percent,sst_sign_flip_percent,sst_corrupted_accuracy,sst_clean_accuracy,sst_patched_accuracy,n_toy_test,n_sst,n_sst_pairs
qwen-0.6b,mean_diff,0,1,0.9333333333333333,0.35143255893883446,0.3214285671710968,0.3928571343421936,35.14325589388345,32.14285671710968,39.28571343421936,0.0,1.0,0.3214285671710968,0.8179611650485437,0.05006916718543412,0.024038462628046934,0.03378378227353096,5.006916718543412,2.4038462628046933,3.378378227353096,0.03153153136372566,0.9684684872627258,0.054054055362939835,30,1236,444
qwen-0.6b,kmeans,0,1,0.9333333333333333,0.35143255893883446,0.3214285671710968,0.3928571343421936,35.14325589388345,32.14285671710968,39.28571343421936,0.0,1.0,0.3214285671710968,0.8179611650485437,0.05006916718543412,0.024038462628046934,0.03378378227353096,5.006916718543412,2.4038462628046933,3.378378227353096,0.03153153136372566,0.9684684872627258,0.054054055362939835,30,1236,444
qwen-0.6b,logistic_regression,0,1,0.9333333333333333,0.35489836000221126,0.3214285671710968,0.3928571343421936,35.489836000221125,32.14285671710968,39.28571343421936,0.0,1.0,0.3214285671710968,0.8179611650485437,0.05018446209862775,0.03125000062125483,0.036036036908626556,5.018446209862775,3.1250000621254834,3.6036036908626556,0.03153153136372566,0.9684684872627258,0.06081081181764603,30,1236,444
qwen-0.6b,pca,0,1,0.7666666666666667,0.12299753076507454,0.0,0.0,12.299753076507454,0.0,0.0,0.0,1.0,0.0,0.1820388349514563,0.024400575465776154,0.009615382665600226,0.01576576568186283,2.4400575465776155,0.9615382665600226,1.5765765681862831,0.03153153136372566,0.9684684872627258,0.04054053872823715,30,1236,444
qwen-0.6b,das,0,1,0.9333333333333333,0.6017406374568196,0.6071428656578064,0.6428571343421936,60.17406374568196,60.71428656578064,64.28571343421936,0.0,1.0,0.6071428656578064,0.8179611650485437,0.05567937275401897,0.03846153463843181,0.04279279336333275,5.567937275401897,3.8461534638431814,4.279279336333275,0.03153153136372566,0.9684684872627258,0.06756756454706192,30,1236,444
qwen-0.6b,das2d,0,2,,0.544285294651395,0.5,0.5714285969734192,54.4285294651395,50.0,57.14285969734192,0.0,1.0,0.5,,0.046111294248043194,0.026442307300439262,0.03378378227353096,4.61112942480432,2.644230730043926,3.378378227353096,0.03153153136372566,0.9684684872627258,0.05630630627274513,30,1236,444
qwen-0.6b,das3d,0,3,,0.49399262764301755,0.4285714328289032,0.4642857015132904,49.39926276430175,42.85714328289032,46.42857015132904,0.0,1.0,0.4285714328289032,,0.04707195502489596,0.02884615197283159,0.029279278591275215,4.707195502489596,2.884615197283159,2.9279278591275215,0.03153153136372566,0.9684684872627258,0.05855855718255043,30,1236,444
qwen-0.6b,random,0,1,0.43333333333333335,0.00023103832249971867,0.0,0.0,0.023103832249971867,0.0,0.0,0.0,1.0,0.0,0.8179611650485437,0.00011529491319363655,0.002403844672392329,0.0,0.011529491319363655,0.2403844672392329,0.0,0.03153153136372566,0.9684684872627258,0.03378378227353096,30,1236,444
qwen-0.6b,mean_diff,1,1,0.9333333333333333,0.479590289196472,0.5,0.4285714328289032,47.9590289196472,50.0,42.85714328289032,0.0,1.0,0.5,0.8179611650485437,0.06490163160362761,0.048076921280062954,0.04954954981803894,6.49016316036276,4.807692128006296,4.954954981803894,0.03153153136372566,0.9684684872627258,0.07657657563686371,30,1236,444
qwen-0.6b,kmeans,1,1,0.7333333333333333,0.09334565208664171,0.0357142873108387,0.0,9.334565208664172,3.57142873108387,0.0,0.0,1.0,0.0357142873108387,0.8179611650485437,0.045073770195728,0.03846153463843181,0.04054053872823715,4.5073770195728,3.8461534638431814,4.054053872823715,0.03153153136372566,0.9684684872627258,0.06756756454706192,30,1236,444
qwen-0.6b,logistic_regression,1,1,0.9333333333333333,0.4792051961904878,0.5,0.5357142686843872,47.92051961904878,50.0,53.57142686843872,0.0,1.0,0.5,0.8179611650485437,0.05806180887728527,0.03605768996603949,0.04054053872823715,5.8061808877285275,3.605768996603949,4.054053872823715,0.03153153136372566,0.9684684872627258,0.06531531363725662,30,1236,444
qwen-0.6b,pca,1,1,0.7333333333333333,0.08595197331488866,0.0,0.0,8.595197331488865,0.0,0.0,0.0,1.0,0.0,0.8179611650485437,0.03104827254506931,0.02163461397962369,0.022522522136569023,3.1048272545069313,2.163461397962369,2.2522522136569023,0.03153153136372566,0.9684684872627258,0.05180180072784424,30,1236,444
qwen-0.6b,das,1,1,0.9,0.6158349005988158,0.7142857313156128,0.5357142686843872,61.58349005988158,71.42857313156128,53.57142686843872,0.0,1.0,0.7142857313156128,0.8179611650485437,0.056178918961310956,0.03365384529364716,0.036036036908626556,5.617891896131096,3.3653845293647158,3.6036036908626556,0.03153153136372566,0.9684684872627258,0.06306306272745132,30,1236,444
qwen-0.6b,das2d,1,2,,0.536429469824429,0.5357142686843872,0.5357142686843872,53.64294698244289,53.57142686843872,53.57142686843872,0.0,1.0,0.5357142686843872,,0.04369045902865256,0.03365384529364716,0.029279278591275215,4.369045902865256,3.3653845293647158,2.9279278591275215,0.03153153136372566,0.9684684872627258,0.06306306272745132,30,1236,444
qwen-0.6b,das3d,1,3,,0.48760014557018466,0.4285714328289032,0.4642857015132904,48.760014557018465,42.85714328289032,46.42857015132904,0.0,1.0,0.4285714328289032,,0.03827237910711688,0.026442307300439262,0.02477477490901947,3.827237910711688,2.644230730043926,2.477477490901947,0.03153153136372566,0.9684684872627258,0.05630630627274513,30,1236,444
qwen-0.6b,random,1,1,0.4,0.0006931560994775252,0.0,0.0,0.06931560994775252,0.0,0.0,0.0,1.0,0.0,0.1820388349514563,0.001921321553705529,0.0,0.0,0.1921321553705529,0.0,0.0,0.03153153136372566,0.9684684872627258,0.03153153136372566,30,1236,444
qwen-0.6b,mean_diff,2,1,0.9333333333333333,0.5040819699890597,0.5714285969734192,0.4642857015132904,50.40819699890597,57.14285969734192,46.42857015132904,0.0,1.0,0.5714285969734192,0.8179611650485437,0.06217337582399416,0.040865387262885966,0.04279279336333275,6.217337582399416,4.086538726288596,4.279279336333275,0.03153153136372566,0.9684684872627258,0.06981982290744781,30,1236,444
qwen-0.6b,kmeans,2,1,0.6333333333333333,0.04066541833854448,0.0,0.0,4.066541833854448,0.0,0.0,0.0,1.0,0.0,0.1820388349514563,0.007339401475241206,0.0072115379932078975,0.0045045046135783195,0.7339401475241206,0.7211537993207897,0.45045046135783195,0.03153153136372566,0.9684684872627258,0.038288287818431854,30,1236,444
qwen-0.6b,logistic_regression,2,1,0.9333333333333333,0.5119377867824362,0.5357142686843872,0.5,51.19377867824362,53.57142686843872,50.0,0.0,1.0,0.5357142686843872,0.8179611650485437,0.06547804108638203,0.03125000062125483,0.04279279336333275,6.547804108638203,3.1250000621254834,4.279279336333275,0.03153153136372566,0.9684684872627258,0.06081081181764603,30,1236,444
qwen-0.6b,pca,2,1,0.7333333333333333,0.10497538991470215,0.0357142873108387,0.0357142873108387,10.497538991470215,3.57142873108387,3.57142873108387,0.0,1.0,0.0357142873108387,0.1820388349514563,0.02263294792138859,0.012019231314023467,0.020270269364118576,2.263294792138859,1.2019231314023466,2.0270269364118576,0.03153153136372566,0.9684684872627258,0.04279279336333275,30,1236,444
qwen-0.6b,das,2,1,0.9333333333333333,0.6277726346809047,0.6785714030265808,0.5357142686843872,62.777263468090474,67.85714030265808,53.57142686843872,0.0,1.0,0.6785714030265808,0.8179611650485437,0.06924378837672376,0.048076921280062954,0.045045044273138046,6.924378837672377,4.807692128006296,4.504504427313805,0.03153153136372566,0.9684684872627258,0.07657657563686371,30,1236,444
qwen-0.6b,das2d,2,2,,0.5966574447400097,0.6785714030265808,0.5357142686843872,59.665744474000974,67.85714030265808,53.57142686843872,0.0,1.0,0.6785714030265808,,0.062327102374919015,0.04567307660767062,0.038288287818431854,6.232710237491902,4.567307660767062,3.8288287818431854,0.03153153136372566,0.9684684872627258,0.07432432472705841,30,1236,444
qwen-0.6b,das3d,2,3,,0.5518330435311244,0.5714285969734192,0.5,55.18330435311244,57.14285969734192,50.0,0.0,1.0,0.5714285969734192,,0.05506456417514023,0.03125000062125483,0.036036036908626556,5.506456417514023,3.1250000621254834,3.6036036908626556,0.03153153136372566,0.9684684872627258,0.06081081181764603,30,1236,444
qwen-0.6b,random,2,1,0.43333333333333335,-0.00023103832249971867,0.0,0.0,-0.023103832249971867,0.0,0.0,0.0,1.0,0.0,0.1820388349514563,-7.683073385553935e-05,0.0,0.0,-0.007683073385553935,0.0,0.0,0.03153153136372566,0.9684684872627258,0.03153153136372566,30,1236,444
qwen-0.6b,mean_diff,3,1,0.9666666666666667,0.5146334211144594,0.6071428656578064,0.4642857015132904,51.46334211144594,60.71428656578064,46.42857015132904,0.0,1.0,0.6071428656578064,0.8179611650485437,0.06916692510126135,0.04567307660767062,0.04954954981803894,6.916692510126135,4.567307660767062,4.954954981803894,0.03153153136372566,0.9684684872627258,0.07432432472705841,30,1236,444
qwen-0.6b,kmeans,3,1,0.6666666666666666,0.03334873863029854,0.0,0.0,3.334873863029854,0.0,0.0,0.0,1.0,0.0,0.1820388349514563,0.008953269927097038,0.009615382665600226,0.013513513840734959,0.8953269927097038,0.9615382665600226,1.3513513840734959,0.03153153136372566,0.9684684872627258,0.04054053872823715,30,1236,444
qwen-0.6b,logistic_regression,3,1,0.9666666666666667,0.5401263297762947,0.5,0.5357142686843872,54.01263297762947,50.0,53.57142686843872,0.0,1.0,0.5,0.8179611650485437,0.0700891542403829,0.048076921280062954,0.054054055362939835,7.00891542403829,4.807692128006296,5.4054055362939835,0.03153153136372566,0.9684684872627258,0.07657657563686371,30,1236,444
qwen-0.6b,pca,3,1,0.7333333333333333,0.0827941890715295,0.0,0.0,8.27941890715295,0.0,0.0,0.0,1.0,0.0,0.1820388349514563,0.025438066976484458,0.019230769307231364,0.022522522136569023,2.5438066976484457,1.9230769307231363,2.2522522136569023,0.03153153136372566,0.9684684872627258,0.04954954981803894,30,1236,444
qwen-0.6b,das,3,1,0.9333333333333333,0.6139864706228829,0.6785714030265808,0.5714285969734192,61.39864706228829,67.85714030265808,57.14285969734192,0.0,1.0,0.6785714030265808,0.8179611650485437,0.07519981360167577,0.057692307921694094,0.06306306272745132,7.519981360167577,5.7692307921694095,6.3063062727451324,0.03153153136372566,0.9684684872627258,0.0855855867266655,30,1236,444
qwen-0.6b,das2d,3,2,,0.5885705790197954,0.6428571343421936,0.5357142686843872,58.85705790197954,64.28571343421936,53.57142686843872,0.0,1.0,0.6428571343421936,,0.07170305523384561,0.04567307660767062,0.054054055362939835,7.170305523384561,4.567307660767062,5.4054055362939835,0.03153153136372566,0.9684684872627258,0.07432432472705841,30,1236,444
qwen-0.6b,das3d,3,3,,0.5195625655746565,0.5357142686843872,0.4642857015132904,51.95625655746565,53.57142686843872,46.42857015132904,0.0,1.0,0.5357142686843872,,0.06755302410779863,0.0432692319352783,0.04954954981803894,6.755302410779864,4.32692319352783,4.954954981803894,0.03153153136372566,0.9684684872627258,0.07207207381725311,30,1236,444
qwen-0.6b,random,3,1,0.3333333333333333,-0.0004621589089561757,0.0,0.0,-0.04621589089561757,0.0,0.0,0.0,1.0,0.0,0.1820388349514563,-0.0005379453034163155,0.002403844672392329,0.0,-0.05379453034163155,0.2403844672392329,0.0,0.03153153136372566,0.9684684872627258,0.03378378227353096,30,1236,444
qwen-0.6b,mean_diff,4,1,0.8333333333333334,0.5407424713877732,0.5357142686843872,0.5357142686843872,54.074247138777324,53.57142686843872,53.57142686843872,0.0,1.0,0.5357142686843872,0.1820388349514563,0.07992622166887027,0.06009615259408642,0.06531531363725662,7.992622166887027,6.009615259408642,6.531531363725662,0.03153153136372566,0.9684684872627258,0.0878378376364708,30,1236,444
qwen-0.6b,kmeans,4,1,0.6666666666666666,0.07324400180585838,0.0,0.0,7.3244001805858385,0.0,0.0,0.0,1.0,0.0,0.1820388349514563,0.015485704634803444,0.0072115379932078975,0.011261261068284512,1.5485704634803443,0.7211537993207897,1.1261261068284512,0.03153153136372566,0.9684684872627258,0.038288287818431854,30,1236,444
qwen-0.6b,logistic_regression,4,1,0.9666666666666667,0.6147566360688622,0.75,0.6071428656578064,61.47566360688622,75.0,60.71428656578064,0.0,1.0,0.75,0.1820388349514563,0.07458500502279702,0.04567307660767062,0.05630630627274513,7.458500502279702,4.567307660767062,5.630630627274513,0.03153153136372566,0.9684684872627258,0.07432432472705841,30,1236,444
qwen-0.6b,pca,4,1,0.6666666666666666,0.07617066546276108,0.0,0.0,7.617066546276108,0.0,0.0,0.0,1.0,0.0,0.1820388349514563,0.01679218506802335,0.016826924634839036,0.011261261068284512,1.6792185068023349,1.6826924634839036,1.1261261068284512,0.03153153136372566,0.9684684872627258,0.04729729890823364,30,1236,444
qwen-0.6b,das,4,1,0.9,0.7019408823237133,0.6785714030265808,0.6785714030265808,70.19408823237133,67.85714030265808,67.85714030265808,0.0,1.0,0.6785714030265808,0.8179611650485437,0.1036735243764296,0.07932691792528687,0.0878378376364708,10.36735243764296,7.932691792528687,8.78378376364708,0.03153153136372566,0.9684684872627258,0.10585585236549377,30,1236,444
qwen-0.6b,das2d,4,2,,0.6598891106542354,0.6428571343421936,0.6071428656578064,65.98891106542354,64.28571343421936,60.71428656578064,0.0,1.0,0.6428571343421936,,0.11001383343708682,0.08653845989452569,0.09009008854627609,11.001383343708682,8.653845989452568,9.00900885462761,0.03153153136372566,0.9684684872627258,0.11261261254549026,30,1236,444
qwen-0.6b,das3d,4,3,,0.5977356989869688,0.6428571343421936,0.5357142686843872,59.77356989869688,64.28571343421936,53.57142686843872,0.0,1.0,0.6428571343421936,,0.09383645694794221,0.06490384193887108,0.07657657563686371,9.383645694794222,6.490384193887108,7.657657563686371,0.03153153136372566,0.9684684872627258,0.09234233945608139,30,1236,444
qwen-0.6b,random,4,1,0.4,0.0035427795608947424,0.0,0.0,0.3542779560894742,0.0,0.0,0.0,1.0,0.0,0.1820388349514563,0.0011912180616331525,-0.0024038466604077843,0.0,0.11912180616331525,-0.24038466604077843,0.0,0.03153153136372566,0.9684684872627258,0.029279278591275215,30,1236,444
qwen-0.6b,mean_diff,5,1,0.8333333333333334,0.7251232560863811,0.8214285969734192,0.7142857313156128,72.51232560863811,82.14285969734192,71.42857313156128,0.0,1.0,0.8214285969734192,0.1820388349514563,0.10559484593013513,0.07211538390810988,0.06531531363725662,10.559484593013513,7.211538390810988,6.531531363725662,0.03153153136372566,0.9684684872627258,0.09909909963607788,30,1236,444
qwen-0.6b,kmeans,5,1,0.6,0.10697781801764923,0.0357142873108387,0.0357142873108387,10.697781801764924,3.57142873108387,3.57142873108387,0.0,1.0,0.0357142873108387,0.1820388349514563,0.03189363840872844,0.012019231314023467,0.01576576568186283,3.1893638408728444,1.2019231314023466,1.5765765681862831,0.03153153136372566,0.9684684872627258,0.04279279336333275,30,1236,444
qwen-0.6b,logistic_regression,5,1,1.0,0.7995995513981912,0.9642857313156128,0.9285714030265808,79.95995513981912,96.42857313156128,92.85714030265808,0.0,1.0,0.9642857313156128,0.1820388349514563,0.11262682684513352,0.06730769456332523,0.06756756454706192,11.262682684513353,6.730769456332523,6.756756454706192,0.03153153136372566,0.9684684872627258,0.09459459781646729,30,1236,444
qwen-0.6b,pca,5,1,0.6,0.10358903658376872,0.0357142873108387,0.0357142873108387,10.358903658376873,3.57142873108387,3.57142873108387,0.0,1.0,0.0357142873108387,0.1820388349514563,0.032201058968971255,0.012019231314023467,0.01576576568186283,3.2201058968971257,1.2019231314023466,1.5765765681862831,0.03153153136372566,0.9684684872627258,0.04279279336333275,30,1236,444
qwen-0.6b,das,5,1,0.9666666666666667,0.8548213506557095,0.9285714030265808,0.8571428656578064,85.48213506557096,92.85714030265808,85.71428656578064,0.0,1.0,0.9285714030265808,0.8179611650485437,0.10555641429240391,0.06009615259408642,0.07657657563686371,10.55564142924039,6.009615259408642,7.657657563686371,0.03153153136372566,0.9684684872627258,0.0878378376364708,30,1236,444
qwen-0.6b,das2d,5,2,,0.8307147619050753,0.8928571343421936,0.8214285969734192,83.07147619050752,89.28571343421936,82.14285969734192,0.0,1.0,0.8928571343421936,,0.09552722121686735,0.06730769456332523,0.06981982290744781,9.552722121686735,6.730769456332523,6.9819822907447815,0.03153153136372566,0.9684684872627258,0.09459459781646729,30,1236,444
qwen-0.6b,das3d,5,3,,0.7978280999197762,0.8571428656578064,0.6785714030265808,79.78280999197762,85.71428656578064,67.85714030265808,0.0,1.0,0.8571428656578064,,0.09233785086767314,0.06490384193887108,0.07207207381725311,9.233785086767314,6.490384193887108,7.207207381725311,0.03153153136372566,0.9684684872627258,0.09234233945608139,30,1236,444
qwen-0.6b,random,5,1,0.36666666666666664,-7.699906350711649e-05,0.0,0.0,-0.007699906350711649,0.0,0.0,0.0,1.0,0.0,0.8179611650485437,-0.000422682931829564,0.002403844672392329,0.0,-0.0422682931829564,0.2403844672392329,0.0,0.03153153136372566,0.9684684872627258,0.03378378227353096,30,1236,444
qwen-0.6b,mean_diff,6,1,0.9,0.7623228733615488,0.8214285969734192,0.7857142686843872,76.23228733615488,82.14285969734192,78.57142686843872,0.0,1.0,0.8214285969734192,0.1820388349514563,0.1472102893957642,0.09134614923931034,0.10135135054588318,14.721028939576419,9.134614923931034,10.135135054588318,0.03153153136372566,0.9684684872627258,0.11711711436510086,30,1236,444
qwen-0.6b,kmeans,6,1,0.7333333333333333,0.12446088315951508,0.0357142873108387,0.0714285746216774,12.446088315951508,3.57142873108387,7.14285746216774,0.0,1.0,0.0357142873108387,0.1820388349514563,0.03389179069628951,0.02163461397962369,0.022522522136569023,3.389179069628951,2.163461397962369,2.2522522136569023,0.03153153136372566,0.9684684872627258,0.05180180072784424,30,1236,444
qwen-0.6b,logistic_regression,6,1,1.0,0.7913585950040112,0.9285714030265808,0.8928571343421936,79.13585950040112,92.85714030265808,89.28571343421936,0.0,1.0,0.9285714030265808,0.1820388349514563,0.16004456898478972,0.09855769120854915,0.10585585236549377,16.00445689847897,9.855769120854916,10.585585236549377,0.03153153136372566,0.9684684872627258,0.12387387454509735,30,1236,444
qwen-0.6b,pca,6,1,0.7333333333333333,0.16435612576908573,0.0714285746216774,0.0714285746216774,16.43561257690857,7.14285746216774,7.14285746216774,0.0,1.0,0.0714285746216774,0.1820388349514563,0.04707195502489596,0.02884615197283159,0.02477477490901947,4.707195502489596,2.884615197283159,2.477477490901947,0.03153153136372566,0.9684684872627258,0.05855855718255043,30,1236,444
qwen-0.6b,das,6,1,1.0,0.8375693649683218,0.8928571343421936,0.8214285969734192,83.75693649683218,89.28571343421936,82.14285969734192,0.0,1.0,0.8928571343421936,0.8179611650485437,0.1279203732912809,0.07932691792528687,0.0833333358168602,12.792037329128089,7.932691792528687,8.33333358168602,0.03153153136372566,0.9684684872627258,0.10585585236549377,30,1236,444
qwen-0.6b,das2d,6,2,,0.8180838100255413,0.8571428656578064,0.75,81.80838100255413,85.71428656578064,75.0,0.0,1.0,0.8571428656578064,,0.12676761940898584,0.07932691792528687,0.0878378376364708,12.676761940898585,7.932691792528687,8.78378376364708,0.03153153136372566,0.9684684872627258,0.10585585236549377,30,1236,444
qwen-0.6b,das3d,6,3,,0.8292514300766239,0.8571428656578064,0.8214285969734192,82.9251430076624,85.71428656578064,82.14285969734192,0.0,1.0,0.8571428656578064,,0.12223333698884051,0.09375000186376449,0.09459459781646729,12.223333698884051,9.375000186376448,9.459459781646729,0.03153153136372566,0.9684684872627258,0.11936937272548676,30,1236,444
qwen-0.6b,random,6,1,0.3333333333333333,-0.00030803738600683516,0.0,0.0,-0.030803738600683514,0.0,0.0,0.0,1.0,0.0,0.8179611650485437,-0.0002305572847803881,0.004807693320815569,0.0,-0.02305572847803881,0.48076933208155687,0.0,0.03153153136372566,0.9684684872627258,0.036036036908626556,30,1236,444
qwen-0.6b,mean_diff,7,1,0.9333333333333333,0.7838878760367727,0.8571428656578064,0.8214285969734192,78.38878760367727,85.71428656578064,82.14285969734192,0.0,1.0,0.8571428656578064,0.1820388349514563,0.16569320619110578,0.11298075924290311,0.10135135054588318,16.569320619110577,11.29807592429031,10.135135054588318,0.03153153136372566,0.9684684872627258,0.13738738000392914,30,1236,444
qwen-0.6b,kmeans,7,1,0.7,0.1388632453854856,0.0357142873108387,0.0714285746216774,13.88632453854856,3.57142873108387,7.14285746216774,0.0,1.0,0.0357142873108387,0.1820388349514563,0.040962203249019113,0.024038462628046934,0.027027027681469917,4.096220324901911,2.4038462628046933,2.7027027681469917,0.03153153136372566,0.9684684872627258,0.054054055362939835,30,1236,444
qwen-0.6b,logistic_regression,7,1,1.0,0.7969809251272952,0.9285714030265808,0.8571428656578064,79.69809251272952,92.85714030265808,85.71428656578064,0.0,1.0,0.9285714030265808,0.1820388349514563,0.18740392497337283,0.161057684498997,0.11711711436510086,18.740392497337282,16.1057684498997,11.711711436510086,0.03153153136372566,0.9684684872627258,0.18243242800235748,30,1236,444
qwen-0.6b,pca,7,1,0.7333333333333333,0.20417438988113845,0.1071428582072258,0.0714285746216774,20.417438988113844,10.71428582072258,7.14285746216774,0.0,1.0,0.1071428582072258,0.1820388349514563,0.057101148100432514,0.02884615197283159,0.03378378227353096,5.710114810043251,2.884615197283159,3.378378227353096,0.03153153136372566,0.9684684872627258,0.05855855718255043,30,1236,444
qwen-0.6b,das,7,1,1.0,0.8731516111560456,0.9285714030265808,0.8928571343421936,87.31516111560455,92.85714030265808,89.28571343421936,0.0,1.0,0.9285714030265808,0.2540453074433657,0.13975562554893622,0.08894230456691801,0.09009008854627609,13.975562554893623,8.894230456691801,9.00900885462761,0.03153153136372566,0.9684684872627258,0.11486486345529556,30,1236,444
qwen-0.6b,das2d,7,2,,0.8620610313004484,0.8928571343421936,0.8571428656578064,86.20610313004484,89.28571343421936,85.71428656578064,0.0,1.0,0.8928571343421936,,0.13322319084122983,0.08894230456691801,0.0878378376364708,13.322319084122983,8.894230456691801,8.78378376364708,0.03153153136372566,0.9684684872627258,0.11486486345529556,30,1236,444
qwen-0.6b,das3d,7,3,,0.8659889295748138,0.8928571343421936,0.8571428656578064,86.59889295748138,89.28571343421936,85.71428656578064,0.0,1.0,0.8928571343421936,,0.13464493364603647,0.09615384653615681,0.09909909963607788,13.464493364603648,9.615384653615681,9.909909963607788,0.03153153136372566,0.9684684872627258,0.12162162363529205,30,1236,444
qwen-0.6b,random,7,1,0.5333333333333333,0.0007701551629846416,0.0,0.0,0.07701551629846416,0.0,0.0,0.0,1.0,0.0,0.1820388349514563,7.686327546242437e-05,0.002403844672392329,0.0,0.0076863275462424364,0.2403844672392329,0.0,0.03153153136372566,0.9684684872627258,0.03378378227353096,30,1236,444
qwen-0.6b,mean_diff,8,1,0.9,0.8002156673021832,0.8571428656578064,0.8571428656578064,80.02156673021832,85.71428656578064,85.71428656578064,0.0,1.0,0.8571428656578064,0.1820388349514563,0.1735321213320321,0.12980768785377306,0.11036036163568497,17.35321213320321,12.980768785377306,11.036036163568497,0.03153153136372566,0.9684684872627258,0.15315315127372742,30,1236,444
qwen-0.6b,kmeans,8,1,0.6333333333333333,0.14186690810589542,0.0714285746216774,0.0357142873108387,14.186690810589543,7.14285746216774,3.57142873108387,0.0,1.0,0.0714285746216774,0.1820388349514563,0.027858902195875092,0.014423075986415795,0.01576576568186283,2.7858902195875093,1.4423075986415794,1.5765765681862831,0.03153153136372566,0.9684684872627258,0.045045044273138046,30,1236,444
qwen-0.6b,logistic_regression,8,1,1.0,0.8165434791335828,0.9642857313156128,0.9642857313156128,81.65434791335828,96.42857313156128,96.42857313156128,0.0,1.0,0.9642857313156128,0.18284789644012944,0.2035044707286619,0.1634615291713893,0.12612612545490265,20.35044707286619,16.34615291713893,12.612612545490265,0.03153153136372566,0.9684684872627258,0.18468467891216278,30,1236,444
qwen-0.6b,pca,8,1,0.6333333333333333,0.19246769412154927,0.0714285746216774,0.0714285746216774,19.246769412154926,7.14285746216774,7.14285746216774,0.0,1.0,0.0714285746216774,0.1820388349514563,0.03800339018460528,0.026442307300439262,0.018018018454313278,3.800339018460528,2.644230730043926,1.8018018454313278,0.03153153136372566,0.9684684872627258,0.05630630627274513,30,1236,444
qwen-0.6b,das,8,1,1.0,0.8902495987164191,0.9285714030265808,1.0,89.02495987164191,92.85714030265808,100.0,0.0,1.0,0.9285714030265808,0.8155339805825242,0.1636181906280823,0.1153846198194191,0.10135135054588318,16.36181906280823,11.538461981941909,10.135135054588318,0.03153153136372566,0.9684684872627258,0.13963964581489563,30,1236,444
qwen-0.6b,das2d,8,2,,0.8661429688338064,0.9285714030265808,0.8214285969734192,86.61429688338063,92.85714030265808,82.14285969734192,0.0,1.0,0.9285714030265808,,0.15923763475886182,0.09615384653615681,0.09234233945608139,15.923763475886183,9.615384653615681,9.234233945608139,0.03153153136372566,0.9684684872627258,0.12162162363529205,30,1236,444
qwen-0.6b,das3d,8,3,,0.8673752417737689,0.8928571343421936,0.8214285969734192,86.73752417737688,89.28571343421936,82.14285969734192,0.0,1.0,0.8928571343421936,,0.15120659397088632,0.09375000186376449,0.09909909963607788,15.120659397088632,9.375000186376448,9.909909963607788,0.03153153136372566,0.9684684872627258,0.11936937272548676,30,1236,444
qwen-0.6b,random,8,1,0.4,0.00030807851798520436,0.0,0.0,0.030807851798520434,0.0,0.0,0.0,1.0,0.0,0.8179611650485437,0.0019597531914367413,0.0,0.0,0.19597531914367414,0.0,0.0,0.03153153136372566,0.9684684872627258,0.03153153136372566,30,1236,444
qwen-0.6b,mean_diff,9,1,0.9666666666666667,0.8311768591160639,0.9642857313156128,1.0,83.11768591160639,96.42857313156128,100.0,0.0,1.0,0.9642857313156128,0.24029126213592233,0.21856749243163578,0.16586537384378164,0.13513512909412384,21.856749243163577,16.586537384378165,13.513512909412384,0.03153153136372566,0.9684684872627258,0.18693692982196808,30,1236,444
qwen-0.6b,kmeans,9,1,0.8,0.43776958412772893,0.2857142984867096,0.3214285671710968,43.77695841277289,28.57142984867096,32.14285671710968,0.0,1.0,0.2857142984867096,0.1820388349514563,0.10678606399176828,0.06009615259408642,0.054054055362939835,10.678606399176829,6.009615259408642,5.4054055362939835,0.03153153136372566,0.9684684872627258,0.0878378376364708,30,1236,444
qwen-0.6b,logistic_regression,9,1,1.0,0.8300986048691049,1.0,1.0,83.0098604869105,100.0,100.0,0.0,1.0,1.0,0.1820388349514563,0.24254535242397549,0.19471154172073687,0.1621621549129486,24.254535242397548,19.47115417207369,16.21621549129486,0.03153153136372566,0.9684684872627258,0.21396397054195404,30,1236,444
qwen-0.6b,pca,9,1,0.8,0.29305302685292983,0.1428571492433548,0.1071428582072258,29.305302685292983,14.28571492433548,10.71428582072258,0.0,1.0,0.1428571492433548,0.1820388349514563,0.0771595667931125,0.03365384529364716,0.04729729890823364,7.71595667931125,3.3653845293647158,4.729729890823364,0.03153153136372566,0.9684684872627258,0.06306306272745132,30,1236,444
qwen-0.6b,das,9,1,1.0,0.9142791472715678,0.9642857313156128,1.0,91.42791472715678,96.42857313156128,100.0,0.0,1.0,0.9642857313156128,0.8179611650485437,0.21272672957827055,0.1442307717922507,0.15540540218353271,21.272672957827055,14.42307717922507,15.540540218353271,0.03153153136372566,0.9684684872627258,0.1666666716337204,30,1236,444
qwen-0.6b,das2d,9,2,,0.9239834149282099,0.9642857313156128,1.0,92.39834149282099,96.42857313156128,100.0,0.0,1.0,0.9642857313156128,,0.20488781443734422,0.13942306654334238,0.14639639854431152,20.48878144373442,13.942306654334239,14.639639854431152,0.03153153136372566,0.9684684872627258,0.1621621549129486,30,1236,444
qwen-0.6b,das3d,9,3,,0.9286815094975384,0.9642857313156128,1.0,92.86815094975384,96.42857313156128,100.0,0.0,1.0,0.9642857313156128,,0.20204426374451714,0.14663461646464301,0.14864864945411682,20.204426374451714,14.6634616464643,14.864864945411682,0.03153153136372566,0.9684684872627258,0.1689189225435257,30,1236,444
qwen-0.6b,random,9,1,0.3,0.0019254290394399734,0.0,0.0,0.19254290394399734,0.0,0.0,0.0,1.0,0.0,0.1820388349514563,-0.0004611145695607762,0.004807693320815569,0.0,-0.04611145695607762,0.48076933208155687,0.0,0.03153153136372566,0.9684684872627258,0.036036036908626556,30,1236,444
qwen-0.6b,mean_diff,10,1,1.0,0.8727665335745531,1.0,1.0,87.27665335745532,100.0,100.0,0.0,1.0,1.0,0.7378640776699029,0.3166692266064083,0.26442308493248534,0.2387387454509735,31.66692266064083,26.442308493248532,23.87387454509735,0.03153153136372566,0.9684684872627258,0.27927929162979126,30,1236,444
qwen-0.6b,kmeans,10,1,1.0,0.8456561998395524,1.0,1.0,84.56561998395524,100.0,100.0,0.0,1.0,1.0,0.1820388349514563,0.28973255354965477,0.23798076172792243,0.21621622145175934,28.973255354965477,23.798076172792243,21.621622145175934,0.03153153136372566,0.9684684872627258,0.2545045018196106,30,1236,444
qwen-0.6b,logistic_regression,10,1,1.0,0.8752310794544781,1.0,1.0,87.5231079454478,100.0,100.0,0.0,1.0,1.0,0.32038834951456313,0.3491008265893565,0.3100961337079396,0.2567567527294159,34.91008265893565,31.00961337079396,25.67567527294159,0.03153153136372566,0.9684684872627258,0.3220720589160919,30,1236,444
qwen-0.6b,pca,10,1,0.8666666666666667,0.48559767890600786,0.5,0.4642857015132904,48.55976789060079,50.0,46.42857015132904,0.0,1.0,0.5,0.1820388349514563,0.15877652018930102,0.08173077054974102,0.09684684872627258,15.877652018930103,8.173077054974103,9.684684872627258,0.03153153136372566,0.9684684872627258,0.10810811072587967,30,1236,444
qwen-0.6b,das,10,1,0.9666666666666667,0.7330753425964742,0.7857142686843872,0.75,73.30753425964743,78.57142686843872,75.0,0.0,1.0,0.7857142686843872,0.8179611650485437,0.1406778546880578,0.06490384193887108,0.09684684872627258,14.067785468805779,6.490384193887108,9.684684872627258,0.03153153136372566,0.9684684872627258,0.09234233945608139,30,1236,444
qwen-0.6b,das2d,10,2,,0.7685998600525568,0.8928571343421936,0.8214285969734192,76.85998600525568,89.28571343421936,82.14285969734192,0.0,1.0,0.8928571343421936,,0.1532047462584474,0.08413461522213335,0.11261261254549026,15.32047462584474,8.413461522213336,11.261261254549026,0.03153153136372566,0.9684684872627258,0.11036036163568497,30,1236,444
qwen-0.6b,das3d,10,3,,0.813693793974198,0.8928571343421936,0.8571428656578064,81.3693793974198,89.28571343421936,85.71428656578064,0.0,1.0,0.8928571343421936,,0.17345529059817658,0.11298075924290311,0.11261261254549026,17.345529059817657,11.29807592429031,11.261261254549026,0.03153153136372566,0.9684684872627258,0.13738738000392914,30,1236,444
qwen-0.6b,random,10,1,0.4,0.0012323140719408174,0.0,0.0,0.12323140719408174,0.0,0.0,0.0,1.0,0.0,0.1836569579288026,-0.001075923148439516,0.0,0.0,-0.1075923148439516,0.0,0.0,0.03153153136372566,0.9684684872627258,0.03153153136372566,30,1236,444
qwen-0.6b,mean_diff,11,1,0.9666666666666667,0.7784196263044596,0.9285714030265808,0.9642857313156128,77.84196263044596,92.85714030265808,96.42857313156128,0.0,1.0,0.9285714030265808,0.1820388349514563,0.2811251195497283,0.22115384902117613,0.19594594836235046,28.11251195497283,22.11538490211761,19.594594836235046,0.03153153136372566,0.9684684872627258,0.2387387454509735,30,1236,444
qwen-0.6b,kmeans,11,1,0.8666666666666667,0.5609981789227897,0.6071428656578064,0.6071428656578064,56.09981789227897,60.71428656578064,60.71428656578064,0.0,1.0,0.6071428656578064,0.1820388349514563,0.1837534725962247,0.11778846449181142,0.10810811072587967,18.375347259622473,11.778846449181142,10.810811072587967,0.03153153136372566,0.9684684872627258,0.14189189672470093,30,1236,444
qwen-0.6b,logistic_regression,11,1,1.0,0.8271719000802238,1.0,1.0,82.71719000802238,100.0,100.0,0.0,1.0,1.0,0.18446601941747573,0.34545035794140494,0.31490385486097155,0.2522522509098053,34.545035794140496,31.490385486097157,25.22522509098053,0.03153153136372566,0.9684684872627258,0.3265765905380249,30,1236,444
qwen-0.6b,pca,11,1,0.7666666666666667,0.323089983112855,0.1428571492433548,0.1428571492433548,32.3089983112855,14.28571492433548,14.28571492433548,0.0,1.0,0.1428571492433548,0.1820388349514563,0.10601752886196468,0.06009615259408642,0.04279279336333275,10.601752886196468,6.009615259408642,4.279279336333275,0.03153153136372566,0.9684684872627258,0.0878378376364708,30,1236,444
qwen-0.6b,das,11,1,1.0,0.941081361356605,1.0,1.0,94.1081361356605,100.0,100.0,0.0,1.0,1.0,0.813915857605178,0.28642792082887375,0.22836538303835313,0.20495495200157166,28.642792082887375,22.83653830383531,20.495495200157166,0.03153153136372566,0.9684684872627258,0.2454954981803894,30,1236,444
qwen-0.6b,das2d,11,2,,0.9245995719641803,1.0,1.0,92.45995719641803,100.0,100.0,0.0,1.0,1.0,,0.2665232124163152,0.20673076508269853,0.19369369745254517,26.652321241631522,20.67307650826985,19.369369745254517,0.03153153136372566,0.9684684872627258,0.22522522509098053,30,1236,444
qwen-0.6b,das3d,11,3,,0.958487345171007,1.0,1.0,95.8487345171007,100.0,100.0,0.0,1.0,1.0,,0.29023209975694675,0.23798076172792243,0.20720720291137695,29.023209975694677,23.798076172792243,20.720720291137695,0.03153153136372566,0.9684684872627258,0.2545045018196106,30,1236,444
qwen-0.6b,random,11,1,0.4,0.00015399812701423298,0.0,0.0,0.015399812701423298,0.0,0.0,0.0,1.0,0.0,0.1820388349514563,0.00026898892251160027,0.002403844672392329,0.0,0.026898892251160027,0.2403844672392329,0.0,0.03153153136372566,0.9684684872627258,0.03378378227353096,30,1236,444
qwen-0.6b,mean_diff,12,1,1.0,0.8653728136708217,1.0,1.0,86.53728136708217,100.0,100.0,0.0,1.0,1.0,0.7928802588996764,0.46833692090990237,0.4567307541486135,0.4009009003639221,46.83369209099023,45.67307541486135,40.09009003639221,0.03153153136372566,0.9684684872627258,0.45945945382118225,30,1236,444
qwen-0.6b,kmeans,12,1,1.0,0.8653728136708217,1.0,1.0,86.53728136708217,100.0,100.0,0.0,1.0,1.0,0.7928802588996764,0.46833692090990237,0.4567307541486135,0.4009009003639221,46.83369209099023,45.67307541486135,40.09009003639221,0.03153153136372566,0.9684684872627258,0.45945945382118225,30,1236,444
qwen-0.6b,logistic_regression,12,1,1.0,0.8307917815345716,1.0,1.0,83.07917815345715,100.0,100.0,0.0,1.0,1.0,0.20307443365695793,0.4820166009380444,0.4807692326807841,0.4234234094619751,48.201660093804435,48.07692326807841,42.34234094619751,0.03153153136372566,0.9684684872627258,0.4819819927215576,30,1236,444
qwen-0.6b,pca,12,1,0.9,0.6599661405667263,0.7857142686843872,0.7857142686843872,65.99661405667263,78.57142686843872,78.57142686843872,0.0,1.0,0.7857142686843872,0.1820388349514563,0.2944205462499215,0.24759614041749176,0.21396397054195404,29.44205462499215,24.759614041749174,21.396397054195404,0.03153153136372566,0.9684684872627258,0.2635135054588318,30,1236,444
qwen-0.6b,das,12,1,0.9666666666666667,0.9781269188067909,1.0,1.0,97.8126918806791,100.0,100.0,0.0,1.0,1.0,0.7046925566343042,0.42272517897070244,0.40865382889251967,0.3558558523654938,42.272517897070244,40.86538288925197,35.58558523654938,0.03153153136372566,0.9684684872627258,0.4144144058227539,30,1236,444
qwen-0.6b,das2d,12,2,,0.7413740277222953,0.75,0.8571428656578064,74.13740277222954,75.0,85.71428656578064,0.0,1.0,0.75,,0.2730940787617528,0.18028845778225927,0.157657653093338,27.30940787617528,18.02884577822593,15.765765309333801,0.03153153136372566,0.9684684872627258,0.20045045018196106,30,1236,444
qwen-0.6b,das3d,12,3,,0.7420286842900192,0.7857142686843872,0.8571428656578064,74.20286842900192,78.57142686843872,85.71428656578064,0.0,1.0,0.7857142686843872,,0.27709038333687497,0.1923076811442209,0.157657653093338,27.709038333687495,19.23076811442209,15.765765309333801,0.03153153136372566,0.9684684872627258,0.21171170473098755,30,1236,444
qwen-0.6b,random,12,1,0.7333333333333333,0.0019254290394399734,0.0,0.0,0.19254290394399734,0.0,0.0,0.0,1.0,0.0,0.1820388349514563,-0.0009606282352458795,0.002403844672392329,0.0,-0.09606282352458795,0.2403844672392329,0.0,0.03153153136372566,0.9684684872627258,0.03378378227353096,30,1236,444
qwen-0.6b,mean_diff,13,1,1.0,0.7678681632893474,0.9642857313156128,1.0,76.78681632893473,96.42857313156128,100.0,0.0,1.0,0.9642857313156128,0.6747572815533981,0.4584229963075039,0.4519230648038289,0.3918918967247009,45.84229963075039,45.19230648038289,39.18918967247009,0.03153153136372566,0.9684684872627258,0.45495495200157166,30,1236,444
qwen-0.6b,kmeans,13,1,1.0,0.7678681632893474,0.9642857313156128,1.0,76.78681632893473,96.42857313156128,100.0,0.0,1.0,0.9642857313156128,0.6747572815533981,0.4584229963075039,0.4519230648038289,0.3918918967247009,45.84229963075039,45.19230648038289,39.18918967247009,0.03153153136372566,0.9684684872627258,0.45495495200157166,30,1236,444
qwen-0.6b,logistic_regression,13,1,1.0,0.750770196294963,0.9642857313156128,1.0,75.0770196294963,96.42857313156128,100.0,0.0,1.0,0.9642857313156128,0.18689320388349515,0.46499385044983893,0.46394228816579053,0.38963964581489563,46.499385044983896,46.39422881657905,38.96396458148956,0.03153153136372566,0.9684684872627258,0.46621620655059814,30,1236,444
qwen-0.6b,pca,13,1,0.9,0.5606130859168055,0.6785714030265808,0.6785714030265808,56.06130859168055,67.85714030265808,67.85714030265808,0.0,1.0,0.6785714030265808,0.1820388349514563,0.29987704153838496,0.24999998508988408,0.20720720291137695,29.987704153838497,24.99999850898841,20.720720291137695,0.03153153136372566,0.9684684872627258,0.2657657563686371,30,1236,444
qwen-0.6b,das,13,1,1.0,0.6854060943771598,0.6785714030265808,0.7142857313156128,68.54060943771599,67.85714030265808,71.42857313156128,0.0,1.0,0.6785714030265808,0.1820388349514563,0.25899170156482826,0.13942306654334238,0.12837837636470795,25.899170156482825,13.942306654334239,12.837837636470795,0.03153153136372566,0.9684684872627258,0.1621621549129486,30,1236,444
qwen-0.6b,das2d,13,2,,0.6611214144431816,0.7142857313156128,0.7142857313156128,66.11214144431815,71.42857313156128,71.42857313156128,0.0,1.0,0.7142857313156128,,0.2730556471240216,0.16586537384378164,0.13738738000392914,27.30556471240216,16.586537384378165,13.738738000392914,0.03153153136372566,0.9684684872627258,0.18693692982196808,30,1236,444
qwen-0.6b,das3d,13,3,,0.7568834982780509,0.6785714030265808,0.8571428656578064,75.68834982780508,67.85714030265808,85.71428656578064,0.0,1.0,0.6785714030265808,,0.28873347740587424,0.16826923442029762,0.157657653093338,28.873347740587423,16.826923442029763,15.765765309333801,0.03153153136372566,0.9684684872627258,0.18918919563293457,30,1236,444
qwen-0.6b,random,13,1,0.7666666666666667,0.002926704788881072,0.0,0.0,0.2926704788881072,0.0,0.0,0.0,1.0,0.0,0.8179611650485437,0.0022671412100726688,0.002403844672392329,0.0,0.22671412100726687,0.2403844672392329,0.0,0.03153153136372566,0.9684684872627258,0.03378378227353096,30,1236,444
qwen-0.6b,mean_diff,14,1,1.0,0.76293900983153,0.9642857313156128,1.0,76.293900983153,96.42857313156128,100.0,0.0,1.0,0.9642857313156128,0.627831715210356,0.5208653549524583,0.5649038280227628,0.44369369745254517,52.08653549524583,56.49038280227629,44.36936974525452,0.03153153136372566,0.9684684872627258,0.5608108043670654,30,1236,444
qwen-0.6b,kmeans,14,1,1.0,0.76293900983153,0.9642857313156128,1.0,76.293900983153,96.42857313156128,100.0,0.0,1.0,0.9642857313156128,0.627831715210356,0.5208653549524583,0.5649038280227628,0.44369369745254517,52.08653549524583,56.49038280227629,44.36936974525452,0.03153153136372566,0.9684684872627258,0.5608108043670654,30,1236,444
qwen-0.6b,logistic_regression,14,1,1.0,0.7141096958602803,0.9642857313156128,0.9285714030265808,71.41096958602803,96.42857313156128,92.85714030265808,0.0,1.0,0.9642857313156128,0.18527508090614886,0.5194820153114769,0.5673077045034025,0.46171170473098755,51.94820153114769,56.73077045034025,46.171170473098755,0.03153153136372566,0.9684684872627258,0.5630630850791931,30,1236,444
qwen-0.6b,pca,14,1,0.9333333333333333,0.6216112494151033,0.8928571343421936,0.7857142686843872,62.16112494151032,89.28571343421936,78.57142686843872,0.0,1.0,0.8928571343421936,0.1820388349514563,0.3762296334285609,0.3389423015848948,0.28378379344940186,37.62296334285609,33.89423015848948,28.378379344940186,0.03153153136372566,0.9684684872627258,0.3490990996360779,30,1236,444
qwen-0.6b,das,14,1,1.0,0.7486907279965305,0.7857142686843872,0.9285714030265808,74.86907279965305,78.57142686843872,92.85714030265808,0.0,1.0,0.7857142686843872,0.1820388349514563,0.3281586266660896,0.2259615383659608,0.22522522509098053,32.81586266660896,22.59615383659608,22.522522509098053,0.03153153136372566,0.9684684872627258,0.2432432472705841,30,1236,444
qwen-0.6b,das2d,14,2,,0.7398336556983585,0.6428571343421936,0.7857142686843872,73.98336556983584,64.28571343421936,78.57142686843872,0.0,1.0,0.6428571343421936,,0.282316321340558,0.1634615291713893,0.1756756752729416,28.2316321340558,16.34615291713893,17.56756752729416,0.03153153136372566,0.9684684872627258,0.18468467891216278,30,1236,444
qwen-0.6b,das3d,14,3,,0.6372747489468569,0.6071428656578064,0.6071428656578064,63.727474894685685,60.71428656578064,60.71428656578064,0.0,1.0,0.6071428656578064,,0.279741775841046,0.15624999515421234,0.157657653093338,27.9741775841046,15.624999515421234,15.765765309333801,0.03153153136372566,0.9684684872627258,0.1779279261827469,30,1236,444
qwen-0.6b,random,14,1,0.3333333333333333,0.0021565496258964304,0.0,0.0,0.21565496258964303,0.0,0.0,0.0,1.0,0.0,0.8074433656957929,-0.0009222291391215524,0.0,0.0,-0.09222291391215524,0.0,0.0,0.03153153136372566,0.9684684872627258,0.03153153136372566,30,1236,444
qwen-0.6b,mean_diff,15,1,1.0,0.6993222766188066,0.9642857313156128,0.8928571343421936,69.93222766188066,96.42857313156128,89.28571343421936,0.0,1.0,0.9642857313156128,0.1820388349514563,0.49339071625378417,0.521634623919701,0.434684693813324,49.339071625378416,52.16346239197009,43.4684693813324,0.03153153136372566,0.9684684872627258,0.5202702879905701,30,1236,444
qwen-0.6b,kmeans,15,1,0.9333333333333333,0.6538817132324536,0.9285714030265808,0.7857142686843872,65.38817132324536,92.85714030265808,78.57142686843872,0.0,1.0,0.9285714030265808,0.1820388349514563,0.4363664334626645,0.4278846180799056,0.342342346906662,43.63664334626645,42.78846180799056,34.2342346906662,0.03153153136372566,0.9684684872627258,0.4324324429035187,30,1236,444
qwen-0.6b,logistic_regression,15,1,1.0,0.6590419152957653,0.8571428656578064,0.8214285969734192,65.90419152957652,85.71428656578064,82.14285969734192,0.0,1.0,0.8571428656578064,0.1820388349514563,0.49020135302306644,0.5288461261286307,0.4279279410839081,49.02013530230664,52.884612612863066,42.79279410839081,0.03153153136372566,0.9684684872627258,0.5270270109176636,30,1236,444
qwen-0.6b,pca,15,1,0.9,0.5360443871014393,0.6071428656578064,0.5714285969734192,53.60443871014393,60.71428656578064,57.14285969734192,0.0,1.0,0.6071428656578064,0.1820388349514563,0.33561329051291755,0.2860576869840163,0.2567567527294159,33.56132905129176,28.60576869840163,25.67567527294159,0.03153153136372566,0.9684684872627258,0.29954954981803894,30,1236,444
qwen-0.6b,das,15,1,1.0,0.8687615951047023,1.0,1.0,86.87615951047023,100.0,100.0,0.0,1.0,1.0,0.1820388349514563,0.47905779397518183,0.4903846113703534,0.4279279410839081,47.90577939751818,49.03846113703534,42.79279410839081,0.03153153136372566,0.9684684872627258,0.4909909963607788,30,1236,444
qwen-0.6b,das2d,15,2,,0.8856285032105977,0.9642857313156128,0.9642857313156128,88.56285032105977,96.42857313156128,96.42857313156128,0.0,1.0,0.9642857313156128,,0.4616892095936562,0.4663461328381828,0.4121621549129486,46.16892095936562,46.63461328381828,41.21621549129486,0.03153153136372566,0.9684684872627258,0.46846845746040344,30,1236,444
qwen-0.6b,das3d,15,3,,0.8627541873999259,1.0,0.8214285969734192,86.27541873999259,100.0,82.14285969734192,0.0,1.0,1.0,,0.4594220724512844,0.4495192201314365,0.37162160873413086,45.942207245128444,44.95192201314365,37.162160873413086,0.03153153136372566,0.9684684872627258,0.45270270109176636,30,1236,444
qwen-0.6b,random,15,1,0.5,0.0008472364904484965,0.0,0.0,0.08472364904484965,0.0,0.0,0.0,1.0,0.0,0.1820388349514563,0.0011527864239019405,0.002403844672392329,0.0,0.11527864239019404,0.2403844672392329,0.0,0.03153153136372566,0.9684684872627258,0.03378378227353096,30,1236,444
qwen-0.6b,mean_diff,16,1,0.9666666666666667,0.6201478867376682,0.8928571343421936,0.7857142686843872,62.014788673766816,89.28571343421936,78.57142686843872,0.0,1.0,0.8928571343421936,0.1836569579288026,0.4592299427365344,0.4615384434933982,0.38738739490509033,45.92299427365344,46.15384434933982,38.73873949050903,0.03153153136372566,0.9684684872627258,0.46396395564079285,30,1236,444
qwen-0.6b,kmeans,16,1,0.8333333333333334,0.44477820588397887,0.3571428656578064,0.3928571343421936,44.47782058839789,35.71428656578064,39.28571343421936,0.0,1.0,0.3571428656578064,0.1820388349514563,0.29784045761309264,0.18749999179943624,0.21171170473098755,29.784045761309265,18.749999179943625,21.171170473098755,0.03153153136372566,0.9684684872627258,0.20720720291137695,30,1236,444
qwen-0.6b,logistic_regression,16,1,1.0,0.5896488229837598,0.8214285969734192,0.7142857313156128,58.964882298375976,82.14285969734192,71.42857313156128,0.0,1.0,0.8214285969734192,0.3826860841423948,0.4806332612970629,0.5072115558853469,0.4099099040031433,48.06332612970629,50.72115558853469,40.99099040031433,0.03153153136372566,0.9684684872627258,0.5067567825317383,30,1236,444
qwen-0.6b,pca,16,1,0.8333333333333334,0.43183921147694077,0.25,0.3214285671710968,43.18392114769408,25.0,32.14285671710968,0.0,1.0,0.25,0.1820388349514563,0.2815093871146301,0.17067307909268994,0.19369369745254517,28.15093871146301,17.067307909268994,19.369369745254517,0.03153153136372566,0.9684684872627258,0.19144144654273987,30,1236,444
qwen-0.6b,das,16,1,1.0,0.7480745709605601,0.9285714030265808,0.9285714030265808,74.80745709605601,92.85714030265808,92.85714030265808,0.0,1.0,0.9285714030265808,0.1820388349514563,0.4633031065194181,0.4567307541486135,0.4054054021835327,46.33031065194181,45.67307541486135,40.54054021835327,0.03153153136372566,0.9684684872627258,0.45945945382118225,30,1236,444
qwen-0.6b,das2d,16,2,,0.7625539116840485,0.9285714030265808,0.9285714030265808,76.25539116840486,92.85714030265808,92.85714030265808,0.0,1.0,0.9285714030265808,,0.4651091290922291,0.4567307541486135,0.4099099040031433,46.51091290922291,45.67307541486135,40.99099040031433,0.03153153136372566,0.9684684872627258,0.45945945382118225,30,1236,444
qwen-0.6b,das3d,16,3,,0.7644023416599813,0.9285714030265808,0.9285714030265808,76.44023416599813,92.85714030265808,92.85714030265808,0.0,1.0,0.9285714030265808,,0.4537350158103397,0.4350961520970826,0.38963964581489563,45.37350158103397,43.50961520970826,38.96396458148956,0.03153153136372566,0.9684684872627258,0.43918919563293457,30,1236,444
qwen-0.6b,random,16,1,0.6,0.00046207664499943734,0.0,0.0,0.046207664499943735,0.0,0.0,0.0,1.0,0.0,0.36084142394822005,-0.000422682931829564,0.0,0.0,-0.0422682931829564,0.0,0.0,0.03153153136372566,0.9684684872627258,0.03153153136372566,30,1236,444
qwen-0.6b,mean_diff,17,1,0.9666666666666667,0.5852588017909193,0.8214285969734192,0.7142857313156128,58.52588017909193,82.14285969734192,71.42857313156128,0.0,1.0,0.8214285969734192,0.19579288025889968,0.3793037251353649,0.32451923355054085,0.2702702581882477,37.93037251353649,32.451923355054085,27.027025818824768,0.03153153136372566,0.9684684872627258,0.3355855941772461,30,1236,444
qwen-0.6b,kmeans,17,1,0.8333333333333334,0.4023413617745059,0.1071428582072258,0.25,40.234136177450594,10.71428582072258,25.0,0.0,1.0,0.1071428582072258,0.1820388349514563,0.22352445778361069,0.11778846449181142,0.09909909963607788,22.35244577836107,11.778846449181142,9.909909963607788,0.03153153136372566,0.9684684872627258,0.14189189672470093,30,1236,444
qwen-0.6b,logistic_regression,17,1,1.0,0.5681608347965349,0.8214285969734192,0.6785714030265808,56.81608347965349,82.14285969734192,67.85714030265808,0.0,1.0,0.8214285969734192,0.8292880258899676,0.42138026689975133,0.3798076928238117,0.3445945978164673,42.138026689975135,37.980769282381175,34.45945978164673,0.03153153136372566,0.9684684872627258,0.38738739490509033,30,1236,444
qwen-0.6b,pca,17,1,0.8,0.35813312274308834,0.1071428582072258,0.1428571492433548,35.813312274308835,10.71428582072258,14.28571492433548,0.0,1.0,0.1071428582072258,0.1820388349514563,0.18640486510039575,0.07451922858050221,0.078828826546669,18.640486510039576,7.451922858050221,7.882882654666901,0.03153153136372566,0.9684684872627258,0.10135135054588318,30,1236,444
qwen-0.6b,das,17,1,1.0,0.7983672578922395,1.0,0.9642857313156128,79.83672578922395,100.0,96.42857313156128,0.0,1.0,1.0,0.1820388349514563,0.48451429434827137,0.5048076794047074,0.44144144654273987,48.45142943482713,50.48076794047074,44.14414465427399,0.03153153136372566,0.9684684872627258,0.5045045018196106,30,1236,444
qwen-0.6b,das2d,17,2,,0.8103820527358031,1.0,0.9642857313156128,81.03820527358032,100.0,96.42857313156128,0.0,1.0,1.0,,0.4996925914521863,0.5384615048182,0.47072070837020874,49.96925914521863,53.84615048182,47.072070837020874,0.03153153136372566,0.9684684872627258,0.5360360145568848,30,1236,444
qwen-0.6b,das3d,17,3,,0.8196241614834889,1.0,0.9642857313156128,81.9624161483489,100.0,96.42857313156128,0.0,1.0,1.0,,0.5226329540229399,0.5745192067123323,0.5067567825317383,52.263295402293984,57.451920671233225,50.67567825317383,0.03153153136372566,0.9684684872627258,0.5698198080062866,30,1236,444
qwen-0.6b,random,17,1,0.6333333333333333,0.0009242766859339822,0.0,0.0,0.09242766859339821,0.0,0.0,0.0,1.0,0.0,0.8179611650485437,0.0007301034920723764,0.002403844672392329,0.0,0.07301034920723765,0.2403844672392329,0.0,0.03153153136372566,0.9684684872627258,0.03378378227353096,30,1236,444
qwen-0.6b,mean_diff,18,1,0.9666666666666667,0.3461953269630319,0.0357142873108387,0.25,34.61953269630319,3.57142873108387,25.0,0.0,1.0,0.0357142873108387,0.9255663430420712,0.10989857106550008,0.02163461397962369,0.038288287818431854,10.989857106550009,2.163461397962369,3.8288287818431854,0.03153153136372566,0.9684684872627258,0.05180180072784424,30,1236,444
qwen-0.6b,kmeans,18,1,0.8333333333333334,0.24137400715630614,0.0,0.0357142873108387,24.137400715630612,0.0,3.57142873108387,0.0,1.0,0.0,0.18527508090614886,0.06198125017694499,0.0072115379932078975,0.011261261068284512,6.198125017694498,0.7211537993207897,1.1261261068284512,0.03153153136372566,0.9684684872627258,0.038288287818431854,30,1236,444
qwen-0.6b,logistic_regression,18,1,1.0,0.31669749782658624,0.0,0.1428571492433548,31.669749782658624,0.0,14.28571492433548,0.0,1.0,0.0,0.9271844660194175,0.11658469978252445,0.02884615197283159,0.04054053872823715,11.658469978252445,2.884615197283159,4.054053872823715,0.03153153136372566,0.9684684872627258,0.05855855718255043,30,1236,444
qwen-0.6b,pca,18,1,0.8,0.23690697147546658,0.0,0.0714285746216774,23.690697147546658,0.0,7.14285746216774,0.0,1.0,0.0,0.24676375404530745,0.05356595809487115,0.004807693320815569,0.0045045046135783195,5.356595809487115,0.48076933208155687,0.45045046135783195,0.03153153136372566,0.9684684872627258,0.036036036908626556,30,1236,444
qwen-0.6b,das,18,1,1.0,0.37977513476481395,0.1428571492433548,0.1428571492433548,37.97751347648139,14.28571492433548,14.28571492433548,0.0,1.0,0.1428571492433548,0.8867313915857605,0.06005996116484634,0.009615382665600226,0.020270269364118576,6.005996116484634,0.9615382665600226,2.0270269364118576,0.03153153136372566,0.9684684872627258,0.04054053872823715,30,1236,444
qwen-0.6b,das2d,18,2,,0.4359211644347907,0.25,0.3928571343421936,43.59211644347907,25.0,39.28571343421936,0.0,1.0,0.25,,0.07293267239160309,0.014423075986415795,0.018018018454313278,7.293267239160309,1.4423075986415794,1.8018018454313278,0.03153153136372566,0.9684684872627258,0.045045044273138046,30,1236,444
qwen-0.6b,das3d,18,3,,0.43830871125120846,0.2857142984867096,0.3571428656578064,43.830871125120844,28.57142984867096,35.71428656578064,0.0,1.0,0.2857142984867096,,0.07151092958679643,0.014423075986415795,0.01576576568186283,7.1510929586796435,1.4423075986415794,1.5765765681862831,0.03153153136372566,0.9684684872627258,0.045045044273138046,30,1236,444
qwen-0.6b,random,18,1,0.2,0.0006931560994775252,0.0,0.0,0.06931560994775252,0.0,0.0,0.0,1.0,0.0,0.8171521035598706,0.0005764094827544127,0.002403844672392329,0.0,0.057640948275441264,0.2403844672392329,0.0,0.03153153136372566,0.9684684872627258,0.03378378227353096,30,1236,444
qwen-0.6b,mean_diff,19,1,1.0,0.3599045125235357,0.0357142873108387,0.25,35.99045125235357,3.57142873108387,25.0,0.0,1.0,0.0357142873108387,0.9182847896440129,0.15193666492135183,0.02884615197283159,0.05630630627274513,15.193666492135183,2.884615197283159,5.630630627274513,0.03153153136372566,0.9684684872627258,0.05855855718255043,30,1236,444
qwen-0.6b,kmeans,19,1,1.0,0.3599045125235357,0.0357142873108387,0.25,35.99045125235357,3.57142873108387,25.0,0.0,1.0,0.0357142873108387,0.9182847896440129,0.15193666492135183,0.02884615197283159,0.05630630627274513,15.193666492135183,2.884615197283159,5.630630627274513,0.03153153136372566,0.9684684872627258,0.05855855718255043,30,1236,444
qwen-0.6b,logistic_regression,19,1,1.0,0.3291743795981439,0.0,0.1428571492433548,32.917437959814386,0.0,14.28571492433548,0.0,1.0,0.0,0.9425566343042071,0.16423303174856793,0.048076921280062954,0.06981982290744781,16.423303174856795,4.807692128006296,6.9819822907447815,0.03153153136372566,0.9684684872627258,0.07657657563686371,30,1236,444
qwen-0.6b,pca,19,1,0.8,0.2607825219036011,0.0,0.0714285746216774,26.078252190360114,0.0,7.14285746216774,0.0,1.0,0.0,0.279126213592233,0.08891792323369853,0.009615382665600226,0.018018018454313278,8.891792323369852,0.9615382665600226,1.8018018454313278,0.03153153136372566,0.9684684872627258,0.04054053872823715,30,1236,444
qwen-0.6b,das,19,1,0.9666666666666667,0.395332740018256,0.1428571492433548,0.1785714328289032,39.5332740018256,14.28571492433548,17.85714328289032,0.0,1.0,0.1428571492433548,0.9296116504854369,0.07285584165774756,0.004807693320815569,0.018018018454313278,7.285584165774756,0.48076933208155687,1.8018018454313278,0.03153153136372566,0.9684684872627258,0.036036036908626556,30,1236,444
qwen-0.6b,das2d,19,2,,0.4168977426934799,0.1428571492433548,0.2142857164144516,41.68977426934799,14.28571492433548,21.42857164144516,0.0,1.0,0.1428571492433548,,0.07631416838784649,0.012019231314023467,0.01576576568186283,7.6314168387846495,1.2019231314023466,1.5765765681862831,0.03153153136372566,0.9684684872627258,0.04279279336333275,30,1236,444
qwen-0.6b,das3d,19,3,,0.4201325002928597,0.1785714328289032,0.2142857164144516,42.01325002928597,17.85714328289032,21.42857164144516,0.0,1.0,0.1785714328289032,,0.07865817287338159,0.014423075986415795,0.018018018454313278,7.865817287338158,1.4423075986415794,1.8018018454313278,0.03153153136372566,0.9684684872627258,0.045045044273138046,30,1236,444
qwen-0.6b,random,19,1,0.5666666666666667,0.00015403925899260218,0.0,0.0,0.015403925899260217,0.0,0.0,0.0,1.0,0.0,0.8179611650485437,0.0013833437086823285,0.0,0.0,0.13833437086823286,0.0,0.0,0.03153153136372566,0.9684684872627258,0.03153153136372566,30,1236,444
qwen-0.6b,mean_diff,20,1,0.9666666666666667,0.32963650765811625,0.0,0.0714285746216774,32.96365076581162,0.0,7.14285746216774,0.0,1.0,0.0,0.7597087378640777,0.14183060857035285,0.040865387262885966,0.045045044273138046,14.183060857035285,4.086538726288596,4.504504427313805,0.03153153136372566,0.9684684872627258,0.06981982290744781,30,1236,444
qwen-0.6b,kmeans,20,1,0.7333333333333333,0.21626618378820914,0.0,0.0357142873108387,21.626618378820915,0.0,3.57142873108387,0.0,1.0,0.0,0.18446601941747573,0.08119430300596585,0.0072115379932078975,0.011261261068284512,8.119430300596585,0.7211537993207897,1.1261261068284512,0.03153153136372566,0.9684684872627258,0.038288287818431854,30,1236,444
qwen-0.6b,logistic_regression,20,1,1.0,0.2996765504616982,0.0,0.0714285746216774,29.96765504616982,0.0,7.14285746216774,0.0,1.0,0.0,0.9587378640776699,0.1495926929774236,0.050480765952455285,0.04954954981803894,14.959269297742361,5.048076595245528,4.954954981803894,0.03153153136372566,0.9684684872627258,0.078828826546669,30,1236,444
qwen-0.6b,pca,20,1,0.7333333333333333,0.20787122926701498,0.0,0.0,20.7871229267015,0.0,0.0,0.0,1.0,0.0,0.19336569579288027,0.07181831760543236,0.009615382665600226,0.011261261068284512,7.181831760543236,0.9615382665600226,1.1261261068284512,0.03153153136372566,0.9684684872627258,0.04054053872823715,30,1236,444
qwen-0.6b,das,20,1,0.9666666666666667,0.3839341022106629,0.1071428582072258,0.1785714328289032,38.39341022106629,10.71428582072258,17.85714328289032,0.0,1.0,0.1071428582072258,0.9199029126213593,0.07170305523384561,0.0072115379932078975,0.009009009227156639,7.170305523384561,0.7211537993207897,0.9009009227156639,0.03153153136372566,0.9684684872627258,0.038288287818431854,30,1236,444
qwen-0.6b,das2d,20,2,,0.4301448156185032,0.25,0.2142857164144516,43.01448156185032,25.0,21.42857164144516,0.0,1.0,0.25,,0.08234705688826091,0.016826924634839036,0.018018018454313278,8.234705688826091,1.6826924634839036,1.8018018454313278,0.03153153136372566,0.9684684872627258,0.04729729890823364,30,1236,444
qwen-0.6b,das3d,20,3,,0.43137710398295753,0.25,0.25,43.13771039829575,25.0,25.0,0.0,1.0,0.25,,0.08407625279491726,0.016826924634839036,0.018018018454313278,8.407625279491725,1.6826924634839036,1.8018018454313278,0.03153153136372566,0.9684684872627258,0.04729729890823364,30,1236,444
qwen-0.6b,random,20,1,0.4666666666666667,0.00046207664499943734,0.0,0.0,0.046207664499943735,0.0,0.0,0.0,1.0,0.0,0.18122977346278318,0.0004611145695607762,0.0,0.0,0.04611145695607762,0.0,0.0,0.03153153136372566,0.9684684872627258,0.03153153136372566,30,1236,444
qwen-0.6b,mean_diff,21,1,1.0,0.2732594139581533,0.0,0.0714285746216774,27.325941395815327,0.0,7.14285746216774,0.0,1.0,0.0,0.8576051779935275,0.09837073936808756,0.026442307300439262,0.02477477490901947,9.837073936808755,2.644230730043926,2.477477490901947,0.03153153136372566,0.9684684872627258,0.05630630627274513,30,1236,444
qwen-0.6b,kmeans,21,1,0.8,0.19893717847132508,0.0,0.0357142873108387,19.893717847132507,0.0,3.57142873108387,0.0,1.0,0.0,0.18851132686084143,0.06470950595657843,0.009615382665600226,0.011261261068284512,6.470950595657843,0.9615382665600226,1.1261261068284512,0.03153153136372566,0.9684684872627258,0.04054053872823715,30,1236,444
qwen-0.6b,logistic_regression,21,1,1.0,0.24707331577710812,0.0,0.0357142873108387,24.70733157771081,0.0,3.57142873108387,0.0,1.0,0.0,0.81957928802589,0.09994620872381905,0.026442307300439262,0.03153153136372566,9.994620872381905,2.644230730043926,3.1531531363725662,0.03153153136372566,0.9684684872627258,0.05630630627274513,30,1236,444
qwen-0.6b,pca,21,1,0.8,0.1966266512844036,0.0,0.0357142873108387,19.66266512844036,0.0,3.57142873108387,0.0,1.0,0.0,0.27184466019417475,0.06125114668487261,0.0072115379932078975,0.009009009227156639,6.125114668487261,0.7211537993207897,0.9009009227156639,0.03153153136372566,0.9684684872627258,0.038288287818431854,30,1236,444
qwen-0.6b,das,21,1,0.9666666666666667,0.3299445553271177,0.1071428582072258,0.1071428582072258,32.99445553271177,10.71428582072258,10.71428582072258,0.0,1.0,0.1071428582072258,0.9215210355987055,0.05521825818445819,0.004807693320815569,0.0045045046135783195,5.521825818445819,0.48076933208155687,0.45045046135783195,0.03153153136372566,0.9684684872627258,0.036036036908626556,30,1236,444
qwen-0.6b,das2d,21,2,,0.33495072841443135,0.1071428582072258,0.1071428582072258,33.49507284144313,10.71428582072258,10.71428582072258,0.0,1.0,0.1071428582072258,,0.056025224951993,0.0072115379932078975,0.0045045046135783195,5.6025224951993,0.7211537993207897,0.45045046135783195,0.03153153136372566,0.9684684872627258,0.038288287818431854,30,1236,444
qwen-0.6b,das3d,21,3,,0.35035431497487,0.1071428582072258,0.1071428582072258,35.035431497487004,10.71428582072258,10.71428582072258,0.0,1.0,0.1071428582072258,,0.05648633952155377,0.004807693320815569,0.011261261068284512,5.648633952155377,0.48076933208155687,1.1261261068284512,0.03153153136372566,0.9684684872627258,0.036036036908626556,30,1236,444
qwen-0.6b,random,21,1,0.5333333333333333,7.704019548548568e-05,0.0,0.0,0.007704019548548568,0.0,0.0,0.0,1.0,0.0,0.1820388349514563,0.00011529491319363655,0.002403844672392329,0.0,0.011529491319363655,0.2403844672392329,0.0,0.03153153136372566,0.9684684872627258,0.03378378227353096,30,1236,444
qwen-0.6b,mean_diff,22,1,1.0,0.22304376722195934,0.0,0.0357142873108387,22.304376722195933,0.0,3.57142873108387,0.0,1.0,0.0,0.9352750809061489,0.05906086875026237,0.0072115379932078975,0.0022522523067891598,5.9060868750262365,0.7211537993207897,0.22522523067891598,0.03153153136372566,0.9684684872627258,0.038288287818431854,30,1236,444
qwen-0.6b,kmeans,22,1,0.9333333333333333,0.21387861640580216,0.0,0.0357142873108387,21.387861640580216,0.0,3.57142873108387,0.0,1.0,0.0,0.8495145631067961,0.051490942531847654,0.004807693320815569,0.0045045046135783195,5.149094253184765,0.48076933208155687,0.45045046135783195,0.03153153136372566,0.9684684872627258,0.036036036908626556,30,1236,444
qwen-0.6b,logistic_regression,22,1,1.0,0.19762788590186633,0.0,0.0,19.762788590186634,0.0,0.0,0.0,1.0,0.0,0.81957928802589,0.0544881872339927,0.004807693320815569,0.0045045046135783195,5.44881872339927,0.48076933208155687,0.45045046135783195,0.03153153136372566,0.9684684872627258,0.036036036908626556,30,1236,444
qwen-0.6b,pca,22,1,0.7333333333333333,0.15650032922035487,0.0,0.0,15.650032922035487,0.0,0.0,0.0,1.0,0.0,0.7888349514563107,0.02674454740970436,0.002403844672392329,0.0022522523067891598,2.674454740970436,0.2403844672392329,0.22522523067891598,0.03153153136372566,0.9684684872627258,0.03378378227353096,30,1236,444
qwen-0.6b,das,22,1,0.9666666666666667,0.29436231942238855,0.0357142873108387,0.0357142873108387,29.436231942238855,3.57142873108387,3.57142873108387,0.0,1.0,0.0357142873108387,0.8996763754045307,0.025668624261264848,0.002403844672392329,0.0,2.5668624261264847,0.2403844672392329,0.0,0.03153153136372566,0.9684684872627258,0.03378378227353096,30,1236,444
qwen-0.6b,das2d,22,2,,0.3010628626606533,0.0714285746216774,0.0357142873108387,30.10628626606533,7.14285746216774,3.57142873108387,0.0,1.0,0.0714285746216774,,0.023363051413460966,0.0,0.0,2.3363051413460965,0.0,0.0,0.03153153136372566,0.9684684872627258,0.03153153136372566,30,1236,444
qwen-0.6b,das3d,22,3,,0.31377079303770516,0.0714285746216774,0.0714285746216774,31.377079303770515,7.14285746216774,7.14285746216774,0.0,1.0,0.0714285746216774,,0.02516907805397286,0.004807693320815569,0.0,2.516907805397286,0.48076933208155687,0.0,0.03153153136372566,0.9684684872627258,0.036036036908626556,30,1236,444
qwen-0.6b,random,22,1,0.6666666666666666,0.0006932383634342636,0.0,0.0,0.06932383634342636,0.0,0.0,0.0,1.0,0.0,0.1820388349514563,0.0,0.0,0.0,0.0,0.0,0.0,0.03153153136372566,0.9684684872627258,0.03153153136372566,30,1236,444
qwen-0.6b,mean_diff,23,1,1.0,0.2127234042273144,0.0,0.0357142873108387,21.27234042273144,0.0,3.57142873108387,0.0,1.0,0.0,0.9498381877022654,0.05172149981662805,0.004807693320815569,0.0022522523067891598,5.1721499816628045,0.48076933208155687,0.22522523067891598,0.03153153136372566,0.9684684872627258,0.036036036908626556,30,1236,444
qwen-0.6b,kmeans,23,1,1.0,0.20756319188100814,0.0,0.0357142873108387,20.756319188100814,0.0,3.57142873108387,0.0,1.0,0.0,0.9150485436893204,0.045381190755970816,0.004807693320815569,0.0022522523067891598,4.5381190755970815,0.48076933208155687,0.22522523067891598,0.03153153136372566,0.9684684872627258,0.036036036908626556,30,1236,444
qwen-0.6b,logistic_regression,23,1,1.0,0.19000312767563518,0.0,0.0,19.000312767563518,0.0,0.0,0.0,1.0,0.0,0.8228155339805825,0.054718744518773094,0.004807693320815569,0.0045045046135783195,5.4718744518773095,0.48076933208155687,0.45045046135783195,0.03153153136372566,0.9684684872627258,0.036036036908626556,30,1236,444
qwen-0.6b,pca,23,1,0.7333333333333333,0.1519562944760082,0.0,0.0,15.195629447600819,0.0,0.0,0.0,1.0,0.0,0.8527508090614887,0.018521380974679702,0.002403844672392329,0.0,1.8521380974679702,0.2403844672392329,0.0,0.03153153136372566,0.9684684872627258,0.03378378227353096,30,1236,444
qwen-0.6b,das,23,1,0.9666666666666667,0.3012169019196459,0.0357142873108387,0.0357142873108387,30.12169019196459,3.57142873108387,3.57142873108387,0.0,1.0,0.0357142873108387,0.9401294498381877,0.024554269475094117,0.0,0.0,2.4554269475094115,0.0,0.0,0.03153153136372566,0.9684684872627258,0.03153153136372566,30,1236,444
qwen-0.6b,das2d,23,2,,0.31199940325725783,0.0714285746216774,0.0357142873108387,31.199940325725784,7.14285746216774,3.57142873108387,0.0,1.0,0.0714285746216774,,0.0338533590585583,0.002403844672392329,0.0,3.38533590585583,0.2403844672392329,0.0,0.03153153136372566,0.9684684872627258,0.03378378227353096,30,1236,444
qwen-0.6b,das3d,23,3,,0.3178527717030416,0.0714285746216774,0.0357142873108387,31.78527717030416,7.14285746216774,3.57142873108387,0.0,1.0,0.0714285746216774,,0.029741792111849408,0.0,0.0,2.974179211184941,0.0,0.0,0.03153153136372566,0.9684684872627258,0.03153153136372566,30,1236,444
qwen-0.6b,random,23,1,0.6666666666666666,0.0021565496258964304,0.0,0.0,0.21565496258964303,0.0,0.0,0.0,1.0,0.0,0.8171521035598706,0.005149090999024077,0.002403844672392329,0.0,0.5149090999024077,0.2403844672392329,0.0,0.03153153136372566,0.9684684872627258,0.03378378227353096,30,1236,444
qwen-0.6b,mean_diff,24,1,1.0,0.244762829722165,0.0,0.0357142873108387,24.476282972216502,0.0,3.57142873108387,0.0,1.0,0.0,0.8859223300970874,0.051490942531847654,0.004807693320815569,0.0,5.149094253184765,0.48076933208155687,0.0,0.03153153136372566,0.9684684872627258,0.036036036908626556,30,1236,444
qwen-0.6b,kmeans,24,1,0.9666666666666667,0.23444242559554168,0.0,0.0357142873108387,23.44424255955417,0.0,3.57142873108387,0.0,1.0,0.0,0.6820388349514563,0.0448432454525545,0.004807693320815569,0.0022522523067891598,4.48432454525545,0.48076933208155687,0.22522523067891598,0.03153153136372566,0.9684684872627258,0.036036036908626556,30,1236,444
qwen-0.6b,logistic_regression,24,1,1.0,0.22412198033694,0.0,0.0357142873108387,22.412198033694,0.0,3.57142873108387,0.0,1.0,0.0,0.8697411003236246,0.0560636565897242,0.004807693320815569,0.0022522523067891598,5.60636565897242,0.48076933208155687,0.22522523067891598,0.03153153136372566,0.9684684872627258,0.036036036908626556,30,1236,444
qwen-0.6b,pca,24,1,0.8,0.17359831678072837,0.0,0.0,17.359831678072837,0.0,0.0,0.0,1.0,0.0,0.4603559870550162,0.009760236694631838,0.0,0.0,0.9760236694631839,0.0,0.0,0.03153153136372566,0.9684684872627258,0.03153153136372566,30,1236,444
qwen-0.6b,das,24,1,1.0,0.35443626279122264,0.1071428582072258,0.1071428582072258,35.44362627912226,10.71428582072258,10.71428582072258,0.0,1.0,0.1071428582072258,0.8907766990291263,0.029933917758898584,0.0072115379932078975,0.0,2.9933917758898585,0.7211537993207897,0.0,0.03153153136372566,0.9684684872627258,0.038288287818431854,30,1236,444
qwen-0.6b,das2d,24,2,,0.35790204328861025,0.1071428582072258,0.1071428582072258,35.79020432886102,10.71428582072258,10.71428582072258,0.0,1.0,0.1071428582072258,,0.0307408519848265,0.002403844672392329,0.0,3.07408519848265,0.2403844672392329,0.0,0.03153153136372566,0.9684684872627258,0.03378378227353096,30,1236,444
qwen-0.6b,das3d,24,3,,0.3596734536350468,0.1071428582072258,0.1071428582072258,35.967345363504684,10.71428582072258,10.71428582072258,0.0,1.0,0.1071428582072258,,0.021211205116581935,0.0,0.0,2.1211205116581935,0.0,0.0,0.03153153136372566,0.9684684872627258,0.03153153136372566,30,1236,444
qwen-0.6b,random,24,1,0.3,0.0021565496258964304,0.0,0.0,0.21565496258964303,0.0,0.0,0.0,1.0,0.0,0.24190938511326862,0.008184767338900334,0.0,0.0,0.8184767338900334,0.0,0.0,0.03153153136372566,0.9684684872627258,0.03153153136372566,30,1236,444
qwen-0.6b,mean_diff,25,1,0.9666666666666667,0.2188848306250942,0.0,0.0357142873108387,21.88848306250942,0.0,3.57142873108387,0.0,1.0,0.0,0.8349514563106796,0.059752540604603534,0.004807693320815569,0.0045045046135783195,5.975254060460354,0.48076933208155687,0.45045046135783195,0.03153153136372566,0.9684684872627258,0.036036036908626556,30,1236,444
qwen-0.6b,kmeans,25,1,0.7666666666666667,0.16489528374154902,0.0,0.0,16.4895283741549,0.0,0.0,0.0,1.0,0.0,0.279126213592233,0.023632040335972566,0.004807693320815569,0.0022522523067891598,2.3632040335972566,0.48076933208155687,0.22522523067891598,0.03153153136372566,0.9684684872627258,0.036036036908626556,30,1236,444
qwen-0.6b,logistic_regression,25,1,1.0,0.19939927568231372,0.0,0.0,19.939927568231372,0.0,0.0,0.0,1.0,0.0,0.877831715210356,0.05444975559626149,0.004807693320815569,0.0022522523067891598,5.444975559626148,0.48076933208155687,0.22522523067891598,0.03153153136372566,0.9684684872627258,0.036036036908626556,30,1236,444
qwen-0.6b,pca,25,1,0.7666666666666667,0.15495995719641803,0.0,0.0,15.495995719641803,0.0,0.0,0.0,1.0,0.0,0.4320388349514563,0.020942216194070332,0.002403844672392329,0.0022522523067891598,2.0942216194070333,0.2403844672392329,0.22522523067891598,0.03153153136372566,0.9684684872627258,0.03378378227353096,30,1236,444
qwen-0.6b,das,25,1,0.9666666666666667,0.36129084528847993,0.1428571492433548,0.1428571492433548,36.12908452884799,14.28571492433548,14.28571492433548,0.0,1.0,0.1428571492433548,0.767799352750809,0.042345546957701444,0.0,0.0,4.234554695770145,0.0,0.0,0.03153153136372566,0.9684684872627258,0.03153153136372566,30,1236,444
qwen-0.6b,das2d,25,2,,0.36414048931588633,0.1428571492433548,0.1428571492433548,36.41404893158863,14.28571492433548,14.28571492433548,0.0,1.0,0.1428571492433548,,0.03662004647592295,0.0,0.0,3.662004647592295,0.0,0.0,0.03153153136372566,0.9684684872627258,0.03153153136372566,30,1236,444
qwen-0.6b,das3d,25,3,,0.3718422774546084,0.1428571492433548,0.1071428582072258,37.18422774546084,14.28571492433548,10.71428582072258,0.0,1.0,0.1428571492433548,,0.04046265704172713,0.0,0.0,4.046265704172713,0.0,0.0,0.03153153136372566,0.9684684872627258,0.03153153136372566,30,1236,444
qwen-0.6b,random,25,1,0.6,0.0037739412793295684,0.0,0.0,0.37739412793295685,0.0,0.0,0.0,1.0,0.0,0.8179611650485437,0.004111599488315774,0.002403844672392329,0.0,0.41115994883157736,0.2403844672392329,0.0,0.03153153136372566,0.9684684872627258,0.03378378227353096,30,1236,444
qwen-0.6b,mean_diff,26,1,1.0,0.17883552819054174,0.0,0.0,17.883552819054174,0.0,0.0,0.0,1.0,0.0,0.8333333333333334,0.07239472708818678,0.0072115379932078975,0.0045045046135783195,7.2394727088186785,0.7211537993207897,0.45045046135783195,0.03153153136372566,0.9684684872627258,0.038288287818431854,30,1236,444
qwen-0.6b,kmeans,26,1,0.8,0.13601358079209003,0.0,0.0,13.601358079209003,0.0,0.0,0.0,1.0,0.0,0.30906148867313915,0.02812789111838669,0.002403844672392329,0.0,2.812789111838669,0.2403844672392329,0.0,0.03153153136372566,0.9684684872627258,0.03378378227353096,30,1236,444
qwen-0.6b,logistic_regression,26,1,1.0,0.1539587225789553,0.0,0.0,15.39587225789553,0.0,0.0,0.0,1.0,0.0,0.9061488673139159,0.07312483058025915,0.012019231314023467,0.011261261068284512,7.312483058025915,1.2019231314023466,1.1261261068284512,0.03153153136372566,0.9684684872627258,0.04279279336333275,30,1236,444
qwen-0.6b,pca,26,1,0.8,0.129236017924329,0.0,0.0,12.923601792432901,0.0,0.0,0.0,1.0,0.0,0.4393203883495146,0.028012596205193054,0.004807693320815569,0.0022522523067891598,2.801259620519305,0.48076933208155687,0.22522523067891598,0.03153153136372566,0.9684684872627258,0.036036036908626556,30,1236,444
qwen-0.6b,das,26,1,0.9333333333333333,0.2828866619852991,0.0,0.0,28.28866619852991,0.0,0.0,0.0,1.0,0.0,0.7605177993527508,0.03727328669253291,0.004807693320815569,0.0,3.727328669253291,0.48076933208155687,0.0,0.03153153136372566,0.9684684872627258,0.036036036908626556,30,1236,444
qwen-0.6b,das2d,26,2,,0.318776986691008,0.0,0.0357142873108387,31.877698669100802,0.0,3.57142873108387,0.0,1.0,0.0,,0.040347394670140375,0.004807693320815569,0.0022522523067891598,4.034739467014037,0.48076933208155687,0.22522523067891598,0.03153153136372566,0.9684684872627258,0.036036036908626556,30,1236,444
qwen-0.6b,das3d,26,3,,0.3193161035314929,0.0,0.0357142873108387,31.931610353149292,0.0,3.57142873108387,0.0,1.0,0.0,,0.02989548612116737,0.002403844672392329,0.0022522523067891598,2.989548612116737,0.2403844672392329,0.22522523067891598,0.03153153136372566,0.9684684872627258,0.03378378227353096,30,1236,444
qwen-0.6b,random,26,1,0.4666666666666667,-7.69579315287473e-05,0.0,0.0,-0.0076957931528747305,0.0,0.0,0.0,1.0,0.0,0.6836569579288025,-0.0015754693557315045,0.0,0.0,-0.15754693557315044,0.0,0.0,0.03153153136372566,0.9684684872627258,0.03153153136372566,30,1236,444
qwen-0.6b,mean_diff,27,1,1.0,0.24645719987311607,0.0,0.0357142873108387,24.645719987311608,0.0,3.57142873108387,0.0,1.0,0.0,0.9142394822006472,0.10482631080033153,0.016826924634839036,0.01576576568186283,10.482631080033153,1.6826924634839036,1.5765765681862831,0.03153153136372566,0.9684684872627258,0.04729729890823364,30,1236,444
qwen-0.6b,kmeans,27,1,1.0,0.23436540596604538,0.0,0.0357142873108387,23.436540596604537,0.0,3.57142873108387,0.0,1.0,0.0,0.8341423948220065,0.08957116345030848,0.012019231314023467,0.01576576568186283,8.957116345030848,1.2019231314023466,1.5765765681862831,0.03153153136372566,0.9684684872627258,0.04279279336333275,30,1236,444
qwen-0.6b,logistic_regression,27,1,1.0,0.22312078685145564,0.0,0.0357142873108387,22.312078685145565,0.0,3.57142873108387,0.0,1.0,0.0,0.8551779935275081,0.10997540179935561,0.02163461397962369,0.027027027681469917,10.99754017993556,2.163461397962369,2.7027027681469917,0.03153153136372566,0.9684684872627258,0.05180180072784424,30,1236,444
qwen-0.6b,pca,27,1,0.8333333333333334,0.18491991439283606,0.0,0.0,18.491991439283606,0.0,0.0,0.0,1.0,0.0,0.6537216828478964,0.05229787675777557,0.004807693320815569,0.0045045046135783195,5.229787675777557,0.48076933208155687,0.45045046135783195,0.03153153136372566,0.9684684872627258,0.036036036908626556,30,1236,444
qwen-0.6b,das,27,1,0.9,0.32840419358617545,0.0,0.1071428582072258,32.840419358617545,0.0,10.71428582072258,0.0,1.0,0.0,0.3268608414239482,0.07093452010404203,0.004807693320815569,0.009009009227156639,7.093452010404203,0.48076933208155687,0.9009009227156639,0.03153153136372566,0.9684684872627258,0.036036036908626556,30,1236,444
qwen-0.6b,das2d,27,2,,0.33348739658598,0.0,0.1071428582072258,33.348739658598,0.0,10.71428582072258,0.0,1.0,0.0,,0.08891792323369853,0.016826924634839036,0.011261261068284512,8.891792323369852,1.6826924634839036,1.1261261068284512,0.03153153136372566,0.9684684872627258,0.04729729890823364,30,1236,444
qwen-0.6b,das3d,27,3,,0.34111215481221113,0.0,0.1428571492433548,34.111215481221116,0.0,14.28571492433548,0.0,1.0,0.0,,0.08503688103016314,0.009615382665600226,0.009009009227156639,8.503688103016314,0.9615382665600226,0.9009009227156639,0.03153153136372566,0.9684684872627258,0.04054053872823715,30,1236,444
qwen-0.6b,random,27,1,0.2,0.00893411249365745,0.0,0.0,0.8934112493657449,0.0,0.0,0.0,1.0,0.0,0.6440129449838188,0.0009606607768527645,0.0,0.0,0.09606607768527645,0.0,0.0,0.03153153136372566,0.9684684872627258,0.03153153136372566,30,1236,444
qwen-0.6b,mean_diff,28,1,1.0,0.21518790897526094,0.0,0.0357142873108387,21.518790897526095,0.0,3.57142873108387,0.0,1.0,0.0,0.8923948220064725,0.09033969858011207,0.019230769307231364,0.020270269364118576,9.033969858011206,1.9230769307231363,2.0270269364118576,0.03153153136372566,0.9684684872627258,0.04954954981803894,30,1236,444
qwen-0.6b,kmeans,28,1,1.0,0.20386631136315325,0.0,0.0357142873108387,20.386631136315327,0.0,3.57142873108387,0.0,1.0,0.0,0.9004854368932039,0.07666002058582051,0.016826924634839036,0.011261261068284512,7.666002058582051,1.6826924634839036,1.1261261068284512,0.03153153136372566,0.9684684872627258,0.04729729890823364,30,1236,444
qwen-0.6b,logistic_regression,28,1,1.0,0.20463650765811625,0.0,0.0357142873108387,20.463650765811625,0.0,3.57142873108387,0.0,1.0,0.0,0.8187702265372169,0.08903321814689216,0.014423075986415795,0.01576576568186283,8.903321814689216,1.4423075986415794,1.5765765681862831,0.03153153136372566,0.9684684872627258,0.045045044273138046,30,1236,444
qwen-0.6b,pca,28,1,0.8,0.16343193134710848,0.0,0.0,16.343193134710848,0.0,0.0,0.0,1.0,0.0,0.8988673139158576,0.04226868368223902,0.0072115379932078975,0.006756756920367479,4.226868368223902,0.7211537993207897,0.6756756920367479,0.03153153136372566,0.9684684872627258,0.038288287818431854,30,1236,444
qwen-0.6b,das,28,1,0.6666666666666666,0.009242149879664284,0.0,0.0,0.9242149879664284,0.0,0.0,0.0,1.0,0.0,0.7030744336569579,0.007262538199778782,0.002403844672392329,0.0022522523067891598,0.7262538199778782,0.2403844672392329,0.22522523067891598,0.03153153136372566,0.9684684872627258,0.03378378227353096,30,1236,444
qwen-0.6b,das2d,28,2,,0.0073166797082459415,0.0,0.0,0.7316679708245941,0.0,0.0,0.0,1.0,0.0,,0.004226861859902525,0.0,0.0,0.42268618599025254,0.0,0.0,0.03153153136372566,0.9684684872627258,0.03153153136372566,30,1236,444
qwen-0.6b,das3d,28,3,,0.00793283674421635,0.0,0.0,0.793283674421635,0.0,0.0,0.0,1.0,0.0,,0.004419020048558586,0.004807693320815569,0.0,0.4419020048558586,0.48076933208155687,0.0,0.03153153136372566,0.9684684872627258,0.036036036908626556,30,1236,444
qwen-0.6b,random,28,1,0.4,0.0004621177769778065,0.0,0.0,0.04621177769778065,0.0,0.0,0.0,1.0,0.0,0.19579288025889968,0.002382436123266305,0.002403844672392329,0.0,0.2382436123266305,0.2403844672392329,0.0,0.03153153136372566,0.9684684872627258,0.03378378227353096,30,1236,444
